Original_Structure_Number,Field_Structure_Number,Lamp_Condition_ID,Pole_Inspection_Date,Work_Packet
2119063E,2119063E,ON,2_21_07 12-39-03 AM,Oj_102
4474162E,4474162E,ON,2_21_07 12-39-03 AM,Oj_102
2119080E,2119080E,ON,2_21_07 12-39-03 AM,Oj_102
4288068E,4288068E,ON,2_21_07 12-39-03 AM,Oj_102
4288068E,4288068E,ON,2_21_07 12-39-03 AM,Oj_102
2333412E,2333412E,ON,2_21_07 12-39-03 AM,Oj_102
1945461E,1945461E,ON,2_21_07 12-39-03 AM,Oj_102
2318385E,2318385E,ON,2_21_07 12-39-03 AM,Oj_102
2257109E,2257109E,ON,2_21_07 12-39-03 AM,Oj_102
1911632E,1911632E,ON,2_21_07 12-39-03 AM,Oj_102
2258672E,2258672E,ON,2_21_07 12-39-03 AM,Oj_102
2120102E,2120102E,ON,2_21_07 12-39-03 AM,Oj_102
2318305E,2318305E,ON,2_21_07 12-39-03 AM,Oj_102
2149219E,2149219E,ON,2_21_07 12-39-03 AM,Oj_102
2258273E,2258273E,ON,2_21_07 12-39-03 AM,Oj_102
2318766E,2318766E,ON,2_21_07 12-39-03 AM,Oj_102
2149212E,2149212E,ON,2_21_07 12-39-03 AM,Oj_102
2148959E,2148959E,ON,2_21_07 12-39-03 AM,Oj_102
2149202E,2149202E,ON,2_21_07 12-39-03 AM,Oj_102
4229478E,4229478E,ON,2_21_07 12-39-03 AM,Oj_102
4548629E,4548629E,ON,2_21_07 12-39-03 AM,Oj_102
2120105E,2120105E,ON,2_21_07 12-39-03 AM,Oj_102
2148442E,2148442E,ON,2_21_07 12-39-03 AM,Oj_102
1956698E,1956698E,ON,2_21_07 12-39-03 AM,Oj_102
2318306E,2318306E,ON,2_21_07 12-39-03 AM,Oj_102
2195840E,2195840E,ON,2_21_07 12-39-03 AM,Oj_102
2333555E,2333555E,OFF,2_20_07 10-38-15 PM,Oj_102
2119684E,2119684E,ON,2_21_07 12-39-03 AM,Oj_102
2119914E,2119914E,ON,2_21_07 12-39-04 AM,Oj_102
2318388E,2318388E,ON,2_21_07 12-39-04 AM,Oj_102
2257969E,2257969E,ON,2_21_07 12-39-04 AM,Oj_102
4319201E,4319201E,ON,2_21_07 12-39-04 AM,Oj_102
2251562E,2251562E,OFF,2_20_07 8-44-08 PM,Oj_102
1911623E,1911623E,ON,2_21_07 12-39-04 AM,Oj_102
2251564E,2251564E,ON,2_21_07 12-39-04 AM,Oj_102
4400692E,4400692E,ON,2_21_07 12-39-04 AM,Oj_102
4400692E,4400692E,ON,2_21_07 12-39-04 AM,Oj_102
2258277E,2258277E,ON,2_21_07 12-39-04 AM,Oj_102
2118919E,2118919E,ON,2_21_07 12-39-04 AM,Oj_102
2148283E,2148283E,ON,2_21_07 12-39-04 AM,Oj_102
2148325E,2148325E,ON,2_21_07 12-39-04 AM,Oj_102
2318707E,2318707E,ON,2_21_07 12-39-04 AM,Oj_102
2119901E,2119901E,ON,2_21_07 12-39-04 AM,Oj_102
4170204E,4170204E,ON,2_21_07 12-39-04 AM,Oj_102
2318375E,2318375E,ON,2_21_07 12-39-04 AM,Oj_102
4252366E,4252366E,ON,2_21_07 12-39-04 AM,Oj_102
4252366E,4252366E,ON,2_21_07 12-39-04 AM,Oj_102
2119041E,2119041E,ON,2_21_07 12-39-04 AM,Oj_102
4288065E,4288065E,ON,2_21_07 12-39-04 AM,Oj_102
4288065E,4288065E,ON,2_21_07 12-39-04 AM,Oj_102
1945465E,1945465E,ON,2_21_07 12-39-04 AM,Oj_102
4474161E,4474161E,ON,2_21_07 12-39-04 AM,Oj_102
1911626E,1911626E,ON,2_21_07 12-39-04 AM,Oj_102
2119283E,2119283E,ON,2_21_07 12-39-04 AM,Oj_102
2119283E,2119283E,ON,2_21_07 12-39-04 AM,Oj_102
2258533E,2258533E,ON,2_21_07 12-39-04 AM,Oj_102
4548627E,4548627E,ON,2_21_07 12-39-04 AM,Oj_102
2257775E,2257775E,ON,2_21_07 12-39-04 AM,Oj_102
2119020E,2119020E,ON,2_21_07 12-39-04 AM,Oj_102
2333051E,2333051E,ON,2_21_07 12-39-04 AM,Oj_102
2119044E,2119044E,ON,2_21_07 12-39-04 AM,Oj_102
2149313E,2149313E,ON,2_21_07 12-39-04 AM,Oj_102
2120044E,2120044E,ON,2_21_07 12-39-04 AM,Oj_102
2149652E,2149652E,ON,2_21_07 12-39-04 AM,Oj_102
2148825E,2148825E,ON,2_21_07 12-39-04 AM,Oj_102
2258364E,2258364E,ON,2_21_07 12-39-04 AM,Oj_102
2149611E,2149611E,ON,2_21_07 12-39-04 AM,Oj_102
2149611E,2149611E,ON,2_21_07 12-39-04 AM,Oj_102
2149609E,2149609E,ON,2_21_07 12-39-04 AM,Oj_102
2149609E,2149609E,ON,2_21_07 12-39-04 AM,Oj_102
2258391E,2258391E,ON,2_21_07 12-39-04 AM,Oj_102
2148969E,2148969E,ON,2_21_07 12-39-04 AM,Oj_102
2333138E,2333138E,ON,2_21_07 12-39-04 AM,Oj_102
2119287E,2119287E,ON,2_21_07 12-39-04 AM,Oj_102
2258440E,2258440E,ON,2_21_07 12-39-04 AM,Oj_102
2119670E,2119670E,ON,2_21_07 12-39-04 AM,Oj_102
2119670E,2119670E,ON,2_21_07 12-39-04 AM,Oj_102
2149307E,2149307E,ON,2_21_07 12-39-04 AM,Oj_102
2257412E,2257412E,ON,2_21_07 12-39-04 AM,Oj_102
2149075E,2149075E,ON,2_21_07 12-39-04 AM,Oj_102
2148288E,2148288E,ON,2_21_07 12-39-04 AM,Oj_102
2258913E,2258913E,ON,2_21_07 12-39-04 AM,Oj_102
2194746E,2194746E,ON,2_21_07 12-39-04 AM,Oj_102
2119290E,2119290E,ON,2_21_07 12-39-04 AM,Oj_102
4288062E,4288062E,ON,2_21_07 12-39-04 AM,Oj_102
4288062E,4288062E,ON,2_21_07 12-39-04 AM,Oj_102
2149215E,2149215E,ON,2_21_07 12-39-04 AM,Oj_102
2149261E,2149261E,ON,2_21_07 12-39-04 AM,Oj_102
2251560E,2251560E,ON,2_21_07 12-39-04 AM,Oj_102
2333637E,2333637E,ON,2_21_07 12-39-04 AM,Oj_102
2258671E,2258671E,ON,2_21_07 12-39-04 AM,Oj_102
2148126E,2148126E,ON,2_21_07 12-39-04 AM,Oj_102
2258046E,2258046E,ON,2_21_07 12-39-04 AM,Oj_102
4548626E,4548626E,ON,2_21_07 12-39-04 AM,Oj_102
2119178E,2119178E,ON,2_21_07 12-39-04 AM,Oj_102
4482344E,4482344E,ON,2_21_07 12-39-04 AM,Oj_102
4170205E,4170205E,ON,2_21_07 12-39-04 AM,Oj_102
2148462E,2148462E,ON,2_21_07 12-39-04 AM,Oj_102
2120207E,2120207E,ON,2_21_07 12-39-04 AM,Oj_102
2333117E,2333117E,ON,2_21_07 12-39-04 AM,Oj_102
4288060E,4288060E,ON,2_21_07 12-39-04 AM,Oj_102
4288060E,4288060E,ON,2_21_07 12-39-04 AM,Oj_102
2149072E,2149072E,ON,2_21_07 12-39-04 AM,Oj_102
2148449E,2148449E,ON,2_21_07 12-39-04 AM,Oj_102
2258540E,2258540E,ON,2_21_07 12-39-04 AM,Oj_102
2258374E,2258374E,ON,2_21_07 12-39-04 AM,Oj_102
4437788E,4437788E,ON,2_21_07 12-39-04 AM,Oj_102
2257967E,2257967E,ON,2_21_07 12-39-04 AM,Oj_102
2149660E,2149660E,ON,2_21_07 12-39-04 AM,Oj_102
2149078E,2149078E,ON,2_21_07 12-39-04 AM,Oj_102
2119230E,2119230E,ON,2_21_07 12-39-04 AM,Oj_102
2118878E,2118878E,ON,2_21_07 12-39-04 AM,Oj_102
2258250E,2258250E,ON,2_21_07 12-39-04 AM,Oj_102
2120043E,2120043E,ON,2_21_07 12-39-04 AM,Oj_102
2258362E,2258362E,ON,2_21_07 12-39-04 AM,Oj_102
2118877E,2118877E,ON,2_21_07 12-39-04 AM,Oj_102
2119059E,2119059E,ON,2_21_07 12-39-04 AM,Oj_102
1945466E,1945466E,ON,2_21_07 12-39-04 AM,Oj_102
2333414E,2333414E,ON,2_21_07 12-39-04 AM,Oj_102
2148468E,2148468E,ON,2_21_07 12-39-04 AM,Oj_102
2148468E,2148468E,ON,2_21_07 12-39-04 AM,Oj_102
2119022E,2119022E,ON,2_21_07 12-39-04 AM,Oj_102
2119022E,2119022E,ON,2_21_07 12-39-04 AM,Oj_102
1945456E,1945456E,ON,2_21_07 12-39-04 AM,Oj_102
2258377E,2258377E,ON,2_21_07 12-39-04 AM,Oj_102
2258292E,2258292E,ON,2_21_07 12-39-04 AM,Oj_102
2149142E,2149142E,ON,2_21_07 12-39-04 AM,Oj_102
4357110E,4357110E,ON,2_21_07 12-39-04 AM,Oj_102
2149278E,2149278E,ON,2_21_07 12-39-04 AM,Oj_102
2333393E,2333393E,ON,2_21_07 12-39-04 AM,Oj_102
2119922E,2119922E,ON,2_21_07 12-39-04 AM,Oj_102
2318762E,2318762E,ON,2_21_07 12-39-04 AM,Oj_102
2119037E,2119037E,ON,2_21_07 12-39-04 AM,Oj_102
2149209E,2149209E,ON,2_21_07 12-39-04 AM,Oj_102
2333083E,2333083E,ON,2_21_07 12-39-04 AM,Oj_102
2258371E,2258371E,ON,2_21_07 12-39-04 AM,Oj_102
1956697E,1956697E,ON,2_21_07 12-39-04 AM,Oj_102
2333395E,2333395E,ON,2_21_07 12-39-04 AM,Oj_102
2148456E,2148456E,ON,2_21_07 12-39-04 AM,Oj_102
2119294E,2119294E,ON,2_21_07 12-39-04 AM,Oj_102
2149268E,2149268E,ON,2_21_07 12-39-04 AM,Oj_102
2258538E,2258538E,ON,2_21_07 12-39-04 AM,Oj_102
2318387E,2318387E,ON,2_21_07 12-39-04 AM,Oj_102
2119054E,2119054E,ON,2_21_07 12-39-04 AM,Oj_102
1911625E,1911625E,ON,2_21_07 12-39-04 AM,Oj_102
2251565E,2251565E,ON,2_21_07 12-39-04 AM,Oj_102
2258278E,2258278E,ON,2_21_07 12-39-04 AM,Oj_102
2119393E,2119393E,ON,2_21_07 12-39-04 AM,Oj_102
4486632E,4486632E,ON,2_21_07 12-39-04 AM,Oj_102
4548634E,4548634E,ON,2_21_07 12-39-04 AM,Oj_102
2258285E,2258285E,ON,2_21_07 12-39-04 AM,Oj_102
2148324E,2148324E,ON,2_21_07 12-39-04 AM,Oj_102
2149269E,2149269E,ON,2_21_07 12-39-04 AM,Oj_102
4153509E,4153509E,ON,2_21_07 12-39-04 AM,Oj_102
2258910E,2258910E,ON,2_21_07 12-39-04 AM,Oj_102
2258677E,2258677E,ON,2_21_07 12-39-04 AM,Oj_102
2258682E,2258682E,ON,2_21_07 12-39-04 AM,Oj_102
2119698E,2119698E,ON,2_21_07 12-39-04 AM,Oj_102
2258086E,2258086E,OFF,2_20_07 10-40-42 PM,Oj_102
4288069E,4288069E,ON,2_21_07 12-39-04 AM,Oj_102
4288069E,4288069E,ON,2_21_07 12-39-04 AM,Oj_102
2258006E,2258006E,ON,2_21_07 12-39-04 AM,Oj_102
2258694E,2258694E,ON,2_21_07 12-39-04 AM,Oj_102
2257777E,2257777E,ON,2_21_07 12-39-04 AM,Oj_102
2194750E,2194750E,ON,2_20_07 9-39-53 PM,Oj_102
2258667E,2258667E,ON,2_21_07 12-39-04 AM,Oj_102
2119078E,2119078E,ON,2_21_07 12-39-04 AM,Oj_102
2119116E,2119116E,ON,2_21_07 12-39-05 AM,Oj_102
2149655E,2149655E,ON,2_21_07 12-39-05 AM,Oj_102
4609118E,4609118E,ON,2_21_07 12-39-05 AM,Oj_102
2119153E,2119153E,ON,2_21_07 12-39-05 AM,Oj_102
4008386E,4008386E,ON,2_21_07 12-39-05 AM,Oj_102
2258366E,2258366E,ON,2_21_07 12-39-05 AM,Oj_102
2119921E,2119921E,ON,2_21_07 12-39-05 AM,Oj_102
2258686E,2258686E,ON,2_21_07 12-39-05 AM,Oj_102
2318389E,2318389E,ON,2_21_07 12-39-05 AM,Oj_102
2333638E,2333638E,ON,2_21_07 12-39-05 AM,Oj_102
2149206E,2149206E,ON,2_21_07 12-39-05 AM,Oj_102
4400696E,4400696E,ON,2_21_07 12-39-05 AM,Oj_102
2119694E,2119694E,ON,2_21_07 12-39-05 AM,Oj_102
2148290E,2148290E,ON,2_21_07 12-39-05 AM,Oj_102
2119672E,2119672E,ON,2_21_07 12-39-05 AM,Oj_102
2258613E,2258613E,ON,2_21_07 12-39-05 AM,Oj_102
2258613E,2258613E,ON,2_21_07 12-39-05 AM,Oj_102
4482958E,4482958E,ON,2_21_07 12-39-05 AM,Oj_102
2196498E,2196498E,ON,2_21_07 12-39-05 AM,Oj_102
4548633E,4548633E,ON,2_21_07 12-39-05 AM,Oj_102
4486642E,4486642E,ON,2_21_07 12-39-05 AM,Oj_102
2149260E,2149260E,ON,2_21_07 12-39-05 AM,Oj_102
4633901E,4633901E,OFF,2_20_07 11-30-03 PM,Oj_102
4288064E,4288064E,ON,2_21_07 12-39-05 AM,Oj_102
2149603E,2149603E,ON,2_21_07 12-39-05 AM,Oj_102
1911641E,1911641E,ON,2_21_07 12-39-05 AM,Oj_102
4483246E,4483246E,ON,2_21_07 12-39-05 AM,Oj_102
4550486E,4550486E,ON,2_21_07 12-39-05 AM,Oj_102
4400691E,4400691E,ON,2_21_07 12-39-05 AM,Oj_102
4400691E,4400691E,ON,2_21_07 12-39-05 AM,Oj_102
2333147E,2333147E,ON,2_21_07 12-39-05 AM,Oj_102
2149302E,2149302E,ON,2_21_07 12-39-05 AM,Oj_102
2258295E,2258295E,ON,2_21_07 12-39-05 AM,Oj_102
2195837E,2195837E,ON,2_21_07 12-39-05 AM,Oj_102
1945473E,1945473E,ON,2_21_07 12-39-05 AM,Oj_102
2318384E,2318384E,ON,2_21_07 12-39-05 AM,Oj_102
2148960E,2148960E,ON,2_21_07 12-39-05 AM,Oj_102
2119896E,2119896E,ON,2_21_07 12-39-05 AM,Oj_102
2257781E,2257781E,ON,2_21_07 12-39-05 AM,Oj_102
2148459E,2148459E,ON,2_21_07 12-39-05 AM,Oj_102
2148461E,2148461E,ON,2_21_07 12-39-05 AM,Oj_102
2149069E,2149069E,ON,2_21_07 12-39-05 AM,Oj_102
2119693E,2119693E,ON,2_21_07 12-39-05 AM,Oj_102
2318303E,2318303E,ON,2_21_07 12-39-05 AM,Oj_102
2148443E,2148443E,ON,2_21_07 12-39-05 AM,Oj_102
4437794E,4437794E,ON,2_21_07 12-39-05 AM,Oj_102
4609117E,4609117E,ON,2_21_07 12-39-05 AM,Oj_102
2258375E,2258375E,ON,2_21_07 12-39-05 AM,Oj_102
4437790E,4437790E,ON,2_21_07 12-39-05 AM,Oj_102
2257105E,2257105E,ON,2_21_07 12-39-05 AM,Oj_102
2119152E,2119152E,ON,2_21_07 12-39-05 AM,Oj_102
2148125E,2148125E,ON,2_21_07 12-39-05 AM,Oj_102
2196599E,2196599E,ON,2_21_07 12-39-05 AM,Oj_102
2148118E,2148118E,ON,2_21_07 12-39-05 AM,Oj_102
2148118E,2148118E,ON,2_21_07 12-39-05 AM,Oj_102
2333033E,2333033E,ON,2_21_07 12-39-05 AM,Oj_102
2119232E,2119232E,ON,2_21_07 12-39-05 AM,Oj_102
2118891E,2118891E,ON,2_21_07 12-39-05 AM,Oj_102
2333137E,2333137E,ON,2_21_07 12-39-05 AM,Oj_102
4548632E,4548632E,ON,2_21_07 12-39-05 AM,Oj_102
2258355E,2258355E,OFF,2_20_07 11-25-36 PM,Oj_102
4361384E,4361384E,ON,2_21_07 12-39-05 AM,Oj_102
2148291E,2148291E,ON,2_21_07 12-39-05 AM,Oj_102
2119056E,2119056E,ON,2_21_07 12-39-05 AM,Oj_102
2149610E,2149610E,ON,2_21_07 12-39-05 AM,Oj_102
2149610E,2149610E,ON,2_21_07 12-39-05 AM,Oj_102
4153514E,4153514E,ON,2_21_07 12-39-05 AM,Oj_102
4153514E,4153514E,ON,2_21_07 12-39-05 AM,Oj_102
4153514E,4153514E,ON,2_21_07 12-39-05 AM,Oj_102
1956689E,1956689E,ON,2_21_07 12-39-05 AM,Oj_102
2119017E,2119017E,ON,2_21_07 12-39-05 AM,Oj_102
2119844E,2119844E,ON,2_21_07 12-39-05 AM,Oj_102
2119844E,2119844E,ON,2_21_07 12-39-05 AM,Oj_102
2258009E,2258009E,ON,2_21_07 12-39-05 AM,Oj_102
2258009E,2258009E,ON,2_21_07 12-39-05 AM,Oj_102
1945467E,1945467E,CYCLING,2_20_07 8-36-11 PM,Oj_102
2148460E,2148460E,ON,2_21_07 12-39-05 AM,Oj_102
2258378E,2258378E,ON,2_21_07 12-39-05 AM,Oj_102
2258912E,2258912E,ON,2_21_07 12-39-05 AM,Oj_102
2119286E,2119286E,ON,2_21_07 12-39-05 AM,Oj_102
2118895E,2118895E,ON,2_21_07 12-39-05 AM,Oj_102
2333001E,2333001E,ON,2_21_07 12-39-05 AM,Oj_102
2149602E,2149602E,ON,2_21_07 12-39-05 AM,Oj_102
2119034E,2119034E,ON,2_21_07 12-39-05 AM,Oj_102
2318760E,2318760E,ON,2_21_07 12-39-05 AM,Oj_102
2119904E,2119904E,OFF,2_20_07 9-30-21 PM,Oj_102
2120042E,2120042E,ON,2_21_07 12-39-05 AM,Oj_102
4437795E,4437795E,ON,2_21_07 12-39-05 AM,Oj_102
2148827E,2148827E,ON,2_21_07 12-39-05 AM,Oj_102
2148820E,2148820E,ON,2_21_07 12-39-05 AM,Oj_102
2148123E,2148123E,ON,2_21_07 12-39-05 AM,Oj_102
2148123E,2148123E,ON,2_21_07 12-39-05 AM,Oj_102
2118585E,2118585E,ON,2_21_07 12-39-05 AM,Oj_102
1945453E,1945453E,ON,2_21_07 12-39-05 AM,Oj_102
2258685E,2258685E,ON,2_21_07 12-39-05 AM,Oj_102
2148454E,2148454E,ON,2_21_07 12-39-05 AM,Oj_102
4436322E,4436322E,ON,2_21_07 12-39-05 AM,Oj_102
4548631E,4548631E,ON,2_21_07 12-39-05 AM,Oj_102
2119688E,2119688E,ON,2_21_07 12-39-05 AM,Oj_102
2149558E,2149558E,ON,2_21_07 12-39-05 AM,Oj_102
2149558E,2149558E,ON,2_21_07 12-39-05 AM,Oj_102
2120120E,2120120E,ON,2_21_07 12-39-05 AM,Oj_102
2258089E,2258089E,ON,2_21_07 12-39-05 AM,Oj_102
1911627E,1911627E,ON,2_21_07 12-39-05 AM,Oj_102
2119235E,2119235E,ON,2_21_07 12-39-05 AM,Oj_102
2258279E,2258279E,ON,2_21_07 12-39-05 AM,Oj_102
2149318E,2149318E,ON,2_21_07 12-39-05 AM,Oj_102
2119110E,2119110E,ON,2_21_07 12-39-05 AM,Oj_102
2258286E,2258286E,ON,2_21_07 12-39-05 AM,Oj_102
4268468E,4268468E,ON,2_21_07 12-39-05 AM,Oj_102
2149279E,2149279E,ON,2_21_07 12-39-05 AM,Oj_102
2196496E,2196496E,OFF,2_20_07 11-50-54 PM,Oj_102
2258692E,2258692E,ON,2_21_07 12-39-05 AM,Oj_102
2149567E,2149567E,ON,2_21_07 12-39-05 AM,Oj_102
2119700E,2119700E,ON,2_21_07 12-39-05 AM,Oj_102
2258695E,2258695E,ON,2_21_07 12-39-05 AM,Oj_102
4288070E,4288070E,ON,2_21_07 12-39-05 AM,Oj_102
2149135E,2149135E,ON,2_21_07 12-39-05 AM,Oj_102
2149135E,2149135E,ON,2_21_07 12-39-05 AM,Oj_102
4471190E,4471190E,ON,2_21_07 12-39-05 AM,Oj_102
2258536E,2258536E,ON,2_21_07 12-39-05 AM,Oj_102
2258049E,2258049E,CYCLING,2_20_07 10-17-46 PM,Oj_102
2118882E,2118882E,ON,2_21_07 12-39-05 AM,Oj_102
2258674E,2258674E,ON,2_21_07 12-39-05 AM,Oj_102
2119042E,2119042E,ON,2_21_07 12-39-05 AM,Oj_102
2119115E,2119115E,ON,2_21_07 12-39-05 AM,Oj_102
4548630E,4548630E,ON,2_21_07 12-39-05 AM,Oj_102
2119236E,2119236E,ON,2_21_07 12-39-05 AM,Oj_102
2119236E,2119236E,ON,2_21_07 12-39-05 AM,Oj_102
2148109E,2148109E,ON,2_21_07 12-39-05 AM,Oj_102
2258676E,2258676E,ON,2_21_07 12-39-05 AM,Oj_102
2149604E,2149604E,ON,2_21_07 12-39-05 AM,Oj_102
2196229E,2196229E,ON,2_21_07 12-39-05 AM,Oj_102
4482953E,4482953E,ON,2_21_07 12-39-05 AM,Oj_102
2333140E,2333140E,ON,2_21_07 12-39-05 AM,Oj_102
2119691E,2119691E,ON,2_21_07 12-39-05 AM,Oj_102
2119671E,2119671E,ON,2_21_07 12-39-05 AM,Oj_102
4486641E,4486641E,ON,2_21_07 12-39-05 AM,Oj_102
4482957E,4482957E,ON,2_21_07 12-39-05 AM,Oj_102
2258085E,2258085E,ON,2_21_07 12-39-05 AM,Oj_102
2149265E,2149265E,ON,2_21_07 12-39-05 AM,Oj_102
2194740E,2194740E,ON,2_21_07 12-39-05 AM,Oj_102
2148447E,2148447E,ON,2_21_07 12-39-05 AM,Oj_102
1956687E,1956687E,ON,2_21_07 12-39-05 AM,Oj_102
4584451E,4584451E,ON,2_21_07 12-39-05 AM,Oj_102
2318702E,2318702E,ON,2_21_07 12-39-05 AM,Oj_102
2148452E,2148452E,ON,2_21_07 12-39-06 AM,Oj_102
1911636E,1911636E,ON,2_21_07 12-39-06 AM,Oj_102
2148458E,2148458E,ON,2_21_07 12-39-06 AM,Oj_102
2195846E,2195846E,ON,2_21_07 12-39-06 AM,Oj_102
2149070E,2149070E,ON,2_21_07 12-39-06 AM,Oj_102
2148961E,2148961E,ON,2_21_07 12-39-06 AM,Oj_102
2119292E,2119292E,ON,2_21_07 12-39-06 AM,Oj_102
2333003E,2333003E,ON,2_21_07 12-39-06 AM,Oj_102
2148973E,2148973E,ON,2_21_07 12-39-06 AM,Oj_102
2119113E,2119113E,ON,2_21_07 12-39-06 AM,Oj_102
2258370E,2258370E,ON,2_21_07 12-39-06 AM,Oj_102
2258539E,2258539E,ON,2_21_07 12-39-06 AM,Oj_102
4437791E,4437791E,ON,2_21_07 12-39-06 AM,Oj_102
2257111E,2257111E,ON,2_21_07 12-39-06 AM,Oj_102
2119699E,2119699E,ON,2_21_07 12-39-06 AM,Oj_102
2119151E,2119151E,CYCLING,2_21_07 12-03-56 AM,Oj_102
2120152E,2120152E,ON,2_21_07 12-39-06 AM,Oj_102
2333032E,2333032E,ON,2_21_07 12-39-06 AM,Oj_102
2120109E,2120109E,ON,2_21_07 12-39-06 AM,Oj_102
2251558E,2251558E,ON,2_21_07 12-39-06 AM,Oj_102
4483249E,4483249E,ON,2_21_07 12-39-06 AM,Oj_102
2120212E,2120212E,ON,2_21_07 12-39-06 AM,Oj_102
2118885E,2118885E,ON,2_21_07 12-39-06 AM,Oj_102
2333135E,2333135E,ON,2_21_07 12-39-06 AM,Oj_102
2120114E,2120114E,ON,2_21_07 12-39-06 AM,Oj_102
4288055E,4288055E,ON,2_21_07 12-39-06 AM,Oj_102
4468602E,4468602E,ON,2_21_07 12-39-06 AM,Oj_102
2149136E,2149136E,ON,2_21_07 12-39-06 AM,Oj_102
2149136E,2149136E,ON,2_21_07 12-39-06 AM,Oj_102
2258356E,2258356E,OFF,2_20_07 11-27-40 PM,Oj_102
2148321E,2148321E,ON,2_21_07 12-39-06 AM,Oj_102
1911630E,1911630E,ON,2_21_07 12-39-06 AM,Oj_102
2119058E,2119058E,ON,2_21_07 12-39-06 AM,Oj_102
2148965E,2148965E,ON,2_21_07 12-39-06 AM,Oj_102
2119125E,2119125E,ON,2_21_07 12-39-06 AM,Oj_102
2258010E,2258010E,ON,2_21_07 12-39-06 AM,Oj_102
2258379E,2258379E,ON,2_21_07 12-39-06 AM,Oj_102
2148284E,2148284E,ON,2_21_07 12-39-06 AM,Oj_102
1945468E,1945468E,ON,2_21_07 12-39-06 AM,Oj_102
2119111E,2119111E,ON,2_21_07 12-39-06 AM,Oj_102
2333030E,2333030E,ON,2_21_07 12-39-06 AM,Oj_102
2148446E,2148446E,ON,2_21_07 12-39-06 AM,Oj_102
2119905E,2119905E,ON,2_21_07 12-39-06 AM,Oj_102
2120040E,2120040E,ON,2_21_07 12-39-06 AM,Oj_102
2318765E,2318765E,ON,2_21_07 12-39-06 AM,Oj_102
1956693E,1956693E,ON,2_21_07 12-39-06 AM,Oj_102
4437789E,4437789E,ON,2_21_07 12-39-06 AM,Oj_102
2148421E,2148421E,ON,2_21_07 12-39-06 AM,Oj_102
2258142E,2258142E,ON,2_21_07 12-39-06 AM,Oj_102
4288054E,4288054E,CYCLING,2_20_07 8-57-07 PM,Oj_102
2148129E,2148129E,ON,2_21_07 12-39-06 AM,Oj_102
4400689E,4400689E,ON,2_21_07 12-39-06 AM,Oj_102
4400689E,4400689E,ON,2_21_07 12-39-06 AM,Oj_102
2148122E,2148122E,ON,2_21_07 12-39-06 AM,Oj_102
2148122E,2148122E,ON,2_21_07 12-39-06 AM,Oj_102
2318459E,2318459E,ON,2_21_07 12-39-06 AM,Oj_102
2318459E,2318459E,ON,2_21_07 12-39-06 AM,Oj_102
1956696E,1956696E,ON,2_21_07 12-39-06 AM,Oj_102
2195847E,2195847E,ON,2_21_07 12-39-06 AM,Oj_102
2258684E,2258684E,ON,2_21_07 12-39-06 AM,Oj_102
2148426E,2148426E,ON,2_21_07 12-39-06 AM,Oj_102
2120101E,2120101E,ON,2_21_07 12-39-06 AM,Oj_102
4609116E,4609116E,ON,2_21_07 12-39-06 AM,Oj_102
2119061E,2119061E,ON,2_21_07 12-39-06 AM,Oj_102
2258105E,2258105E,ON,2_21_07 12-39-06 AM,Oj_102
1956695E,1956695E,ON,2_21_07 12-39-06 AM,Oj_102
2119234E,2119234E,ON,2_21_07 12-39-06 AM,Oj_102
4229321E,4229321E,ON,2_21_07 12-39-06 AM,Oj_102
4229321E,4229321E,ON,2_21_07 12-39-06 AM,Oj_102
2120048E,2120048E,ON,2_21_07 12-39-06 AM,Oj_102
2118881E,2118881E,ON,2_21_07 12-39-06 AM,Oj_102
2318482E,2318482E,ON,2_21_07 12-39-06 AM,Oj_102
2118887E,2118887E,ON,2_21_07 12-39-06 AM,Oj_102
2258675E,2258675E,ON,2_21_07 12-39-06 AM,Oj_102
2119916E,2119916E,ON,2_21_07 12-39-06 AM,Oj_102
4169980E,4169980E,ON,2_21_07 12-39-06 AM,Oj_102
2119154E,2119154E,ON,2_21_07 12-39-06 AM,Oj_102
2258691E,2258691E,ON,2_21_07 12-39-06 AM,Oj_102
2258537E,2258537E,ON,2_21_07 12-39-06 AM,Oj_102
2149612E,2149612E,ON,2_21_07 12-39-06 AM,Oj_102
2149612E,2149612E,ON,2_21_07 12-39-06 AM,Oj_102
2149138E,2149138E,ON,2_21_07 12-39-06 AM,Oj_102
2149272E,2149272E,ON,2_21_07 12-39-06 AM,Oj_102
2333413E,2333413E,ON,2_21_07 12-39-06 AM,Oj_102
2194743E,2194743E,ON,2_21_07 12-39-06 AM,Oj_102
2333643E,2333643E,ON,2_21_07 12-39-06 AM,Oj_102
1945472E,1945472E,ON,2_21_07 12-39-06 AM,Oj_102
2258668E,2258668E,ON,2_21_07 12-39-06 AM,Oj_102
2333114E,2333114E,ON,2_21_07 12-39-06 AM,Oj_102
2149201E,2149201E,ON,2_21_07 12-39-06 AM,Oj_102
2119114E,2119114E,ON,2_21_07 12-39-06 AM,Oj_102
2258291E,2258291E,ON,2_21_07 12-39-06 AM,Oj_102
2258084E,2258084E,ON,2_21_07 12-39-06 AM,Oj_102
4609115E,4609115E,ON,2_21_07 12-39-06 AM,Oj_102
4400682E,4400682E,ON,2_21_07 12-39-06 AM,Oj_102
4486630E,4486630E,ON,2_21_07 12-39-06 AM,Oj_102
2149555E,2149555E,ON,2_21_07 12-39-06 AM,Oj_102
2149555E,2149555E,ON,2_21_07 12-39-06 AM,Oj_102
4471188E,4471188E,ON,2_21_07 12-39-06 AM,Oj_102
2258535E,2258535E,ON,2_21_07 12-39-06 AM,Oj_102
2149213E,2149213E,ON,2_21_07 12-39-06 AM,Oj_102
4055730E,4055730E,ON,2_21_07 12-39-06 AM,Oj_102
4055730E,4055730E,ON,2_21_07 12-39-06 AM,Oj_102
2149316E,2149316E,ON,2_21_07 12-39-06 AM,Oj_102
4422270E,4422270E,ON,2_21_07 12-39-06 AM,Oj_102
2318372E,2318372E,ON,2_21_07 12-39-06 AM,Oj_102
2120214E,2120214E,ON,2_21_07 12-39-06 AM,Oj_102
4474168E,4474168E,ON,2_21_07 12-39-06 AM,Oj_102
2318383E,2318383E,ON,2_21_07 12-39-06 AM,Oj_102
2258248E,2258248E,ON,2_21_07 12-39-06 AM,Oj_102
2119690E,2119690E,ON,2_21_07 12-39-06 AM,Oj_102
2148292E,2148292E,ON,2_21_07 12-39-06 AM,Oj_102
4486640E,4486640E,ON,2_21_07 12-39-06 AM,Oj_102
2120106E,2120106E,ON,2_21_07 12-39-06 AM,Oj_102
2120106E,2120106E,ON,2_21_07 12-39-06 AM,Oj_102
2119233E,2119233E,ON,2_21_07 12-39-06 AM,Oj_102
4483247E,4483247E,ON,2_21_07 12-39-06 AM,Oj_102
2148451E,2148451E,ON,2_21_07 12-39-06 AM,Oj_102
4400695E,4400695E,ON,2_21_07 12-39-06 AM,Oj_102
4400695E,4400695E,ON,2_21_07 12-39-06 AM,Oj_102
2149221E,2149221E,ON,2_21_07 12-39-06 AM,Oj_102
2120119E,2120119E,ON,2_21_07 12-39-06 AM,Oj_102
2119689E,2119689E,ON,2_21_07 12-39-06 AM,Oj_102
2119284E,2119284E,ON,2_21_07 12-39-06 AM,Oj_102
2258909E,2258909E,ON,2_21_07 12-39-06 AM,Oj_102
1911634E,1911634E,ON,2_21_07 12-39-06 AM,Oj_102
2195848E,2195848E,ON,2_21_07 12-39-06 AM,Oj_102
2258673E,2258673E,ON,2_21_07 12-39-06 AM,Oj_102
2318706E,2318706E,OFF,2_20_07 10-31-22 PM,Oj_102
2258679E,2258679E,ON,2_21_07 12-39-06 AM,Oj_102
4360110E,4360110E,ON,2_21_07 12-39-06 AM,Oj_102
4609114E,4609114E,ON,2_21_07 12-39-06 AM,Oj_102
2319336E,2319336E,ON,2_21_07 12-39-06 AM,Oj_102
2149295E,2149295E,ON,2_21_07 12-39-06 AM,Oj_102
2120211E,2120211E,ON,2_21_07 12-39-06 AM,Oj_102
2120110E,2120110E,ON,2_21_07 12-39-06 AM,Oj_102
2196225E,2196225E,ON,2_21_07 12-39-06 AM,Oj_102
2119300E,2119300E,ON,2_21_07 12-39-06 AM,Oj_102
2318366E,2318366E,ON,2_21_07 12-39-06 AM,Oj_102
2251686E,2251686E,ON,2_21_07 12-39-06 AM,Oj_102
2118883E,2118883E,ON,2_21_07 12-39-06 AM,Oj_102
2120050E,2120050E,ON,2_21_07 12-39-06 AM,Oj_102
2120035E,2120035E,ON,2_21_07 12-39-06 AM,Oj_102
2257106E,2257106E,ON,2_21_07 12-39-06 AM,Oj_102
1911638E,1911638E,ON,2_21_07 12-39-06 AM,Oj_102
2148102E,2148102E,ON,2_21_07 12-39-06 AM,Oj_102
2120049E,2120049E,ON,2_21_07 12-39-06 AM,Oj_102
2148967E,2148967E,ON,2_21_07 12-39-06 AM,Oj_102
2195839E,2195839E,ON,2_21_07 12-39-06 AM,Oj_102
1945463E,1945463E,ON,2_21_07 12-39-06 AM,Oj_102
2333139E,2333139E,ON,2_21_07 12-39-06 AM,Oj_102
2119124E,2119124E,ON,2_21_07 12-39-06 AM,Oj_102
2258357E,2258357E,ON,2_21_07 12-39-06 AM,Oj_102
2257966E,2257966E,ON,2_21_07 12-39-06 AM,Oj_102
2149204E,2149204E,ON,2_21_07 12-39-06 AM,Oj_102
2318371E,2318371E,ON,2_21_07 12-39-06 AM,Oj_102
2119032E,2119032E,ON,2_21_07 12-39-06 AM,Oj_102
2333148E,2333148E,ON,2_21_07 12-39-06 AM,Oj_102
1911640E,1911640E,ON,2_21_07 12-39-06 AM,Oj_102
4153508E,4153508E,ON,2_21_07 12-39-06 AM,Oj_102
2149205E,2149205E,ON,2_21_07 12-39-06 AM,Oj_102
2149203E,2149203E,ON,2_21_07 12-39-06 AM,Oj_102
2149317E,2149317E,ON,2_21_07 12-39-06 AM,Oj_102
4153532E,4153532E,ON,2_21_07 12-39-06 AM,Oj_102
2258911E,2258911E,ON,2_21_07 12-39-06 AM,Oj_102
2258281E,2258281E,ON,2_21_07 12-39-06 AM,Oj_102
1945459E,1945459E,ON,2_21_07 12-39-06 AM,Oj_102
2258687E,2258687E,ON,2_21_07 12-39-06 AM,Oj_102
4609113E,4609113E,ON,2_21_07 12-39-06 AM,Oj_102
2148821E,2148821E,ON,2_21_07 12-39-06 AM,Oj_102
2149608E,2149608E,ON,2_21_07 12-39-06 AM,Oj_102
2149608E,2149608E,ON,2_21_07 12-39-06 AM,Oj_102
2119924E,2119924E,ON,2_21_07 12-39-06 AM,Oj_102
2149222E,2149222E,ON,2_21_07 12-39-06 AM,Oj_102
2149309E,2149309E,ON,2_21_07 12-39-06 AM,Oj_102
2119923E,2119923E,ON,2_21_07 12-39-06 AM,Oj_102
2149218E,2149218E,ON,2_21_07 12-39-07 AM,Oj_102
2149601E,2149601E,ON,2_21_07 12-39-07 AM,Oj_102
2119697E,2119697E,ON,2_21_07 12-39-07 AM,Oj_102
2119910E,2119910E,ON,2_21_07 12-39-07 AM,Oj_102
2333034E,2333034E,ON,2_21_07 12-39-07 AM,Oj_102
2120041E,2120041E,ON,2_21_07 12-39-07 AM,Oj_102
4437793E,4437793E,ON,2_21_07 12-39-07 AM,Oj_102
2258276E,2258276E,ON,2_21_07 12-39-07 AM,Oj_102
2118892E,2118892E,ON,2_21_07 12-39-07 AM,Oj_102
2149145E,2149145E,ON,2_21_07 12-39-07 AM,Oj_102
1945469E,1945469E,ON,2_21_07 12-39-07 AM,Oj_102
2149661E,2149661E,ON,2_21_07 12-39-07 AM,Oj_102
2148286E,2148286E,ON,2_21_07 12-39-07 AM,Oj_102
2149071E,2149071E,ON,2_21_07 12-39-07 AM,Oj_102
2148463E,2148463E,ON,2_21_07 12-39-07 AM,Oj_102
2149298E,2149298E,ON,2_21_07 12-39-07 AM,Oj_102
2149314E,2149314E,ON,2_21_07 12-39-07 AM,Oj_102
2149296E,2149296E,ON,2_21_07 12-39-07 AM,Oj_102
2149066E,2149066E,ON,2_21_07 12-39-07 AM,Oj_102
2148822E,2148822E,ON,2_21_07 12-39-07 AM,Oj_102
2148103E,2148103E,ON,2_21_07 12-39-07 AM,Oj_102
2258438E,2258438E,ON,2_21_07 12-39-07 AM,Oj_102
4055543E,4055543E,ON,2_21_07 12-39-07 AM,Oj_102
2251922E,2251922E,ON,2_21_07 12-39-07 AM,Oj_102
2148424E,2148424E,ON,2_21_07 12-39-07 AM,Oj_102
2149079E,2149079E,ON,2_21_07 12-39-07 AM,Oj_102
4360127E,4360127E,ON,2_21_07 12-39-07 AM,Oj_102
2148117E,2148117E,ON,2_21_07 12-39-07 AM,Oj_102
2148117E,2148117E,ON,2_21_07 12-39-07 AM,Oj_102
2120045E,2120045E,ON,2_21_07 12-39-07 AM,Oj_102
2258384E,2258384E,ON,2_21_07 12-39-07 AM,Oj_102
2120203E,2120203E,ON,2_21_07 12-39-07 AM,Oj_102
4288056E,4288056E,ON,2_21_07 12-39-07 AM,Oj_102
4288056E,4288056E,ON,2_21_07 12-39-07 AM,Oj_102
2149653E,2149653E,ON,2_21_07 12-39-07 AM,Oj_102
2148956E,2148956E,ON,2_21_07 12-39-07 AM,Oj_102
2148956E,2148956E,ON,2_21_07 12-39-07 AM,Oj_102
2258609E,2258609E,ON,2_21_07 12-39-07 AM,Oj_102
2258683E,2258683E,ON,2_21_07 12-39-07 AM,Oj_102
2149074E,2149074E,ON,2_21_07 12-39-07 AM,Oj_102
2149262E,2149262E,ON,2_21_07 12-39-07 AM,Oj_102
2149208E,2149208E,ON,2_21_07 12-39-07 AM,Oj_102
2119917E,2119917E,ON,2_21_07 12-39-07 AM,Oj_102
2119291E,2119291E,ON,2_21_07 12-39-07 AM,Oj_102
2119045E,2119045E,ON,2_21_07 12-39-07 AM,Oj_102
2149273E,2149273E,ON,2_21_07 12-39-07 AM,Oj_102
2257107E,2257107E,ON,2_21_07 12-39-07 AM,Oj_102
2149562E,2149562E,ON,2_21_07 12-39-07 AM,Oj_102
2119295E,2119295E,ON,2_21_07 12-39-07 AM,Oj_102
4096493E,4096493E,ON,2_21_07 12-39-07 AM,Oj_102
4096493E,4096493E,ON,2_21_07 12-39-07 AM,Oj_102
2194742E,2194742E,ON,2_21_07 12-39-07 AM,Oj_102
4486624E,4486624E,ON,2_21_07 12-39-07 AM,Oj_102
2258669E,2258669E,ON,2_21_07 12-39-07 AM,Oj_102
2119121E,2119121E,ON,2_21_07 12-39-07 AM,Oj_102
2257779E,2257779E,CYCLING,2_20_07 10-19-09 PM,Oj_102
1956700E,1956700E,ON,2_21_07 12-39-07 AM,Oj_102
2258353E,2258353E,ON,2_21_07 12-39-07 AM,Oj_102
2119120E,2119120E,ON,2_21_07 12-39-07 AM,Oj_102
2333551E,2333551E,ON,2_21_07 12-39-07 AM,Oj_102
2148327E,2148327E,ON,2_21_07 12-39-07 AM,Oj_102
2258916E,2258916E,ON,2_21_07 12-39-07 AM,Oj_102
4288057E,4288057E,ON,2_21_07 12-39-07 AM,Oj_102
4288057E,4288057E,ON,2_21_07 12-39-07 AM,Oj_102
2149568E,2149568E,ON,2_21_07 12-39-07 AM,Oj_102
2258082E,2258082E,ON,2_21_07 12-39-07 AM,Oj_102
2258532E,2258532E,ON,2_21_07 12-39-07 AM,Oj_102
4400681E,4400681E,ON,2_21_07 12-39-07 AM,Oj_102
2148112E,2148112E,ON,2_21_07 12-39-07 AM,Oj_102
2119848E,2119848E,ON,2_21_07 12-39-07 AM,Oj_102
2119848E,2119848E,ON,2_21_07 12-39-07 AM,Oj_102
2120204E,2120204E,ON,2_21_07 12-39-07 AM,Oj_102
4400690E,4400690E,ON,2_21_07 12-39-07 AM,Oj_102
4400690E,4400690E,ON,2_21_07 12-39-07 AM,Oj_102
2148128E,2148128E,ON,2_21_07 12-39-07 AM,Oj_102
4474167E,4474167E,ON,2_21_07 12-39-07 AM,Oj_102
2258693E,2258693E,ON,2_21_07 12-39-07 AM,Oj_102
2258290E,2258290E,ON,2_21_07 12-39-07 AM,Oj_102
4486639E,4486639E,ON,2_21_07 12-39-07 AM,Oj_102
2119289E,2119289E,ON,2_21_07 12-39-07 AM,Oj_102
2119673E,2119673E,ON,2_21_07 12-39-07 AM,Oj_102
2119298E,2119298E,ON,2_21_07 12-39-07 AM,Oj_102
4170243E,4170243E,ON,2_21_07 12-39-07 AM,Oj_102
2258606E,2258606E,ON,2_21_07 12-39-07 AM,Oj_102
2149304E,2149304E,ON,2_21_07 12-39-07 AM,Oj_102
4288063E,4288063E,ON,2_21_07 12-39-07 AM,Oj_102
2119293E,2119293E,ON,2_21_07 12-39-07 AM,Oj_102
2333115E,2333115E,ON,2_21_07 12-39-07 AM,Oj_102
2258294E,2258294E,ON,2_21_07 12-39-07 AM,Oj_102
4400687E,4400687E,ON,2_21_07 12-39-07 AM,Oj_102
4400687E,4400687E,ON,2_21_07 12-39-07 AM,Oj_102
4471189E,4471189E,OFF,2_20_07 9-17-02 PM,Oj_102
4401465E,4401465E,ON,2_21_07 12-39-07 AM,Oj_102
2148457E,2148457E,ON,2_21_07 12-39-07 AM,Oj_102
2120202E,2120202E,ON,2_21_07 12-39-07 AM,Oj_102
2258914E,2258914E,ON,2_21_07 12-39-07 AM,Oj_102
4229480E,4229480E,ON,2_21_07 12-39-07 AM,Oj_102
2333005E,2333005E,ON,2_21_07 12-39-07 AM,Oj_102
2119394E,2119394E,ON,2_21_07 12-39-07 AM,Oj_102
2149141E,2149141E,ON,2_21_07 12-39-07 AM,Oj_102
2120108E,2120108E,ON,2_21_07 12-39-07 AM,Oj_102
2318485E,2318485E,CYCLING,2_20_07 11-17-59 PM,Oj_102
2119117E,2119117E,ON,2_21_07 12-39-07 AM,Oj_102
2195827E,2195827E,ON,2_21_07 12-39-07 AM,Oj_102
2149554E,2149554E,ON,2_21_07 12-39-07 AM,Oj_102
2149554E,2149554E,ON,2_21_07 12-39-07 AM,Oj_102
2148425E,2148425E,ON,2_21_07 12-39-07 AM,Oj_102
2318368E,2318368E,ON,2_21_07 12-39-07 AM,Oj_102
2318378E,2318378E,ON,2_21_07 12-39-07 AM,Oj_102
2251687E,2251687E,ON,2_21_07 12-39-07 AM,Oj_102
2257597E,2257597E,ON,2_21_07 12-39-07 AM,Oj_102
2119024E,2119024E,ON,2_21_07 12-39-07 AM,Oj_102
2119024E,2119024E,ON,2_21_07 12-39-07 AM,Oj_102
2149659E,2149659E,ON,2_21_07 12-39-07 AM,Oj_102
2119669E,2119669E,ON,2_21_07 12-39-07 AM,Oj_102
2119669E,2119669E,ON,2_21_07 12-39-07 AM,Oj_102
2195844E,2195844E,ON,2_21_07 12-39-07 AM,Oj_102
1945462E,1945462E,ON,2_21_07 12-39-07 AM,Oj_102
2258001E,2258001E,ON,2_21_07 12-39-07 AM,Oj_102
2148106E,2148106E,ON,2_21_07 12-39-07 AM,Oj_102
1911639E,1911639E,ON,2_21_07 12-39-07 AM,Oj_102
2149149E,2149149E,ON,2_21_07 12-39-07 AM,Oj_102
2196499E,2196499E,ON,2_21_07 12-39-07 AM,Oj_102
2119900E,2119900E,ON,2_21_07 12-39-07 AM,Oj_102
2119900E,2119900E,ON,2_21_07 12-39-07 AM,Oj_102
2318369E,2318369E,ON,2_21_07 12-39-07 AM,Oj_102
2333639E,2333639E,ON,2_21_07 12-39-07 AM,Oj_102
2195836E,2195836E,ON,2_21_07 12-39-07 AM,Oj_102
2258280E,2258280E,ON,2_21_07 12-39-07 AM,Oj_102
2119226E,2119226E,ON,2_21_07 12-39-07 AM,Oj_102
2195838E,2195838E,ON,2_21_07 12-39-07 AM,Oj_102
1911628E,1911628E,ON,2_21_07 12-39-07 AM,Oj_102
2258088E,2258088E,CYCLING,2_20_07 10-43-34 PM,Oj_102
2148832E,2148832E,ON,2_21_07 12-39-07 AM,Oj_102
2119903E,2119903E,ON,2_21_07 12-39-07 AM,Oj_102
4170245E,4170245E,ON,2_21_07 12-39-07 AM,Oj_102
2149551E,2149551E,ON,2_21_07 12-39-07 AM,Oj_102
1956688E,1956688E,ON,2_21_07 12-39-07 AM,Oj_102
4474767E,4474767E,ON,2_21_07 12-39-07 AM,Oj_102
2318367E,2318367E,ON,2_21_07 12-39-07 AM,Oj_102
2318768E,2318768E,ON,2_21_07 12-39-07 AM,Oj_102
4482343E,4482343E,ON,2_21_07 12-39-07 AM,Oj_102
2148467E,2148467E,ON,2_21_07 12-39-07 AM,Oj_102
2148467E,2148467E,ON,2_21_07 12-39-07 AM,Oj_102
2148281E,2148281E,ON,2_21_07 12-39-07 AM,Oj_102
2149651E,2149651E,ON,2_21_07 12-39-07 AM,Oj_102
2318382E,2318382E,ON,2_21_07 12-39-07 AM,Oj_102
4139072E,4139072E,ON,2_21_07 12-39-07 AM,Oj_102
2333146E,2333146E,ON,2_21_07 12-39-07 AM,Oj_102
2318458E,2318458E,ON,2_21_07 12-39-07 AM,Oj_102
2318458E,2318458E,ON,2_21_07 12-39-07 AM,Oj_102
4468601E,4468601E,ON,2_21_07 12-39-07 AM,Oj_102
2258102E,2258102E,ON,2_21_07 12-39-07 AM,Oj_102
2148423E,2148423E,ON,2_21_07 12-39-07 AM,Oj_102
4482952E,4482952E,ON,2_21_07 12-39-07 AM,Oj_102
2196497E,2196497E,ON,2_21_07 12-39-07 AM,Oj_102
4468624E,4468624E,ON,2_21_07 12-39-07 AM,Oj_102
2258372E,2258372E,ON,2_21_07 12-39-07 AM,Oj_102
4609112E,4609112E,ON,2_21_07 12-39-07 AM,Oj_102
2120153E,2120153E,ON,2_21_07 12-39-07 AM,Oj_102
2258386E,2258386E,ON,2_21_07 12-39-07 AM,Oj_102
1945470E,1945470E,ON,2_21_07 12-39-07 AM,Oj_102
2119109E,2119109E,ON,2_21_07 12-39-07 AM,Oj_102
4170203E,4170203E,ON,2_21_07 12-39-07 AM,Oj_102
2333416E,2333416E,ON,2_21_07 12-39-07 AM,Oj_102
2120036E,2120036E,ON,2_21_07 12-39-07 AM,Oj_102
1956686E,1956686E,ON,2_21_07 12-39-07 AM,Oj_102
2118880E,2118880E,ON,2_21_07 12-39-07 AM,Oj_102
2258608E,2258608E,ON,2_21_07 12-39-07 AM,Oj_102
2119686E,2119686E,ON,2_21_07 12-39-07 AM,Oj_102
2149563E,2149563E,ON,2_21_07 12-39-07 AM,Oj_102
2194749E,2194749E,ON,2_21_07 12-39-07 AM,Oj_102
2149207E,2149207E,ON,2_21_07 12-39-07 AM,Oj_102
4055617E,4055617E,ON,2_21_07 12-39-07 AM,Oj_102
2148970E,2148970E,ON,2_21_07 12-39-07 AM,Oj_102
2258611E,2258611E,ON,2_21_07 12-39-07 AM,Oj_102
2318373E,2318373E,ON,2_21_07 12-39-07 AM,Oj_102
2148105E,2148105E,ON,2_21_07 12-39-07 AM,Oj_102
4400688E,4400688E,ON,2_21_07 12-39-07 AM,Oj_102
2258908E,2258908E,ON,2_21_07 12-39-08 AM,Oj_102
2258439E,2258439E,ON,2_21_07 12-39-08 AM,Oj_102
2257594E,2257594E,ON,2_21_07 12-39-08 AM,Oj_102
2257110E,2257110E,ON,2_21_07 12-39-08 AM,Oj_102
4471191E,4471191E,ON,2_21_07 12-39-08 AM,Oj_102
2149077E,2149077E,ON,2_21_07 12-39-08 AM,Oj_102
2119082E,2119082E,ON,2_21_07 12-39-08 AM,Oj_102
2257780E,2257780E,ON,2_21_07 12-39-08 AM,Oj_102
2258352E,2258352E,ON,2_21_07 12-39-08 AM,Oj_102
4400685E,4400685E,ON,2_21_07 12-39-08 AM,Oj_102
2148464E,2148464E,ON,2_21_07 12-39-08 AM,Oj_102
2333396E,2333396E,ON,2_21_07 12-39-08 AM,Oj_102
2251229E,2251229E,ON,2_21_07 12-39-08 AM,Oj_102
2318770E,2318770E,ON,2_21_07 12-39-08 AM,Oj_102
2148444E,2148444E,ON,2_21_07 12-39-08 AM,Oj_102
4400697E,4400697E,ON,2_21_07 12-39-08 AM,Oj_102
2196495E,2196495E,ON,2_21_07 12-39-08 AM,Oj_102
2119181E,2119181E,ON,2_21_07 12-39-08 AM,Oj_102
2195832E,2195832E,ON,2_21_07 12-39-08 AM,Oj_102
2119053E,2119053E,ON,2_21_07 12-39-08 AM,Oj_102
2120208E,2120208E,ON,2_21_07 12-39-08 AM,Oj_102
2257103E,2257103E,ON,2_21_07 12-39-08 AM,Oj_102
4609111E,4609111E,ON,2_21_07 12-39-08 AM,Oj_102
2196227E,2196227E,ON,2_21_07 12-39-08 AM,Oj_102
2149656E,2149656E,ON,2_21_07 12-39-08 AM,Oj_102
2258083E,2258083E,ON,2_21_07 12-39-08 AM,Oj_102
2119909E,2119909E,ON,2_21_07 12-39-08 AM,Oj_102
4400680E,4400680E,ON,2_21_07 12-39-08 AM,Oj_102
2118920E,2118920E,ON,2_21_07 12-39-08 AM,Oj_102
4474166E,4474166E,ON,2_21_07 12-39-08 AM,Oj_102
4400686E,4400686E,ON,2_21_07 12-39-08 AM,Oj_102
4400686E,4400686E,ON,2_21_07 12-39-08 AM,Oj_102
2120225E,2120225E,ON,2_21_07 12-39-08 AM,Oj_102
4483250E,4483250E,ON,2_21_07 12-39-08 AM,Oj_102
2258246E,2258246E,ON,2_21_07 12-39-08 AM,Oj_102
2148108E,2148108E,ON,2_21_07 12-39-08 AM,Oj_102
4486638E,4486638E,ON,2_21_07 12-39-08 AM,Oj_102
2149220E,2149220E,ON,2_21_07 12-39-08 AM,Oj_102
2119038E,2119038E,ON,2_21_07 12-39-08 AM,Oj_102
2318769E,2318769E,ON,2_21_07 12-39-08 AM,Oj_102
2149662E,2149662E,ON,2_21_07 12-39-08 AM,Oj_102
4486626E,4486626E,ON,2_21_07 12-39-08 AM,Oj_102
4486627E,4486627E,ON,2_21_07 12-39-08 AM,Oj_102
2120118E,2120118E,ON,2_21_07 12-39-08 AM,Oj_102
2251689E,2251689E,ON,2_21_07 12-39-08 AM,Oj_102
2258293E,2258293E,ON,2_21_07 12-39-08 AM,Oj_102
2119057E,2119057E,ON,2_21_07 12-39-08 AM,Oj_102
4468603E,4468603E,ON,2_21_07 12-39-08 AM,Oj_102
2258385E,2258385E,ON,2_21_07 12-39-08 AM,Oj_102
2120115E,2120115E,CYCLING,2_20_07 9-56-38 PM,Oj_102
1956685E,1956685E,ON,2_21_07 12-39-08 AM,Oj_102
4400700E,4400700E,ON,2_21_07 12-39-08 AM,Oj_102
2195843E,2195843E,ON,2_21_07 12-39-08 AM,Oj_102
1911633E,1911633E,ON,2_21_07 12-39-08 AM,Oj_102
2257108E,2257108E,ON,2_21_07 12-39-08 AM,Oj_102
2318302E,2318302E,ON,2_21_07 12-39-08 AM,Oj_102
2258287E,2258287E,ON,2_21_07 12-39-08 AM,Oj_102
2148448E,2148448E,ON,2_21_07 12-39-08 AM,Oj_102
2258381E,2258381E,ON,2_21_07 12-39-08 AM,Oj_102
2195830E,2195830E,ON,2_21_07 12-39-08 AM,Oj_102
2258272E,2258272E,ON,2_21_07 12-39-08 AM,Oj_102
4288066E,4288066E,ON,2_21_07 12-39-08 AM,Oj_102
4288066E,4288066E,ON,2_21_07 12-39-08 AM,Oj_102
2119055E,2119055E,ON,2_21_07 12-39-08 AM,Oj_102
2119048E,2119048E,ON,2_21_07 12-39-08 AM,Oj_102
2258087E,2258087E,ON,2_21_07 12-39-08 AM,Oj_102
2148830E,2148830E,ON,2_21_07 12-39-08 AM,Oj_102
2119920E,2119920E,ON,2_21_07 12-39-08 AM,Oj_102
2318365E,2318365E,ON,2_21_07 12-39-08 AM,Oj_102
2257596E,2257596E,ON,2_21_07 12-39-08 AM,Oj_102
CONV498725,CONV498725,ON,2_21_07 12-39-08 AM,Oj_102
2258373E,2258373E,ON,2_21_07 12-39-08 AM,Oj_102
2258696E,2258696E,ON,2_21_07 12-39-08 AM,Oj_102
2119674E,2119674E,ON,2_21_07 12-39-08 AM,Oj_102
1956699E,1956699E,ON,2_21_07 12-39-08 AM,Oj_102
2148104E,2148104E,ON,2_21_07 12-39-08 AM,Oj_102
2195842E,2195842E,ON,2_21_07 12-39-08 AM,Oj_102
2149566E,2149566E,ON,2_21_07 12-39-08 AM,Oj_102
2333640E,2333640E,ON,2_21_07 12-39-08 AM,Oj_102
2257970E,2257970E,ON,2_21_07 12-39-08 AM,Oj_102
2119282E,2119282E,ON,2_21_07 12-39-08 AM,Oj_102
2119282E,2119282E,ON,2_21_07 12-39-08 AM,Oj_102
2318708E,2318708E,ON,2_21_07 12-39-08 AM,Oj_102
4153510E,4153510E,ON,2_21_07 12-39-08 AM,Oj_102
2333394E,2333394E,ON,2_21_07 12-39-08 AM,Oj_102
1911624E,1911624E,ON,2_21_07 12-39-08 AM,Oj_102
2258270E,2258270E,ON,2_21_07 12-39-08 AM,Oj_102
2258270E,2258270E,ON,2_21_07 12-39-08 AM,Oj_102
2333552E,2333552E,ON,2_21_07 12-39-08 AM,Oj_102
4471193E,4471193E,ON,2_21_07 12-39-08 AM,Oj_102
4288058E,4288058E,ON,2_21_07 12-39-08 AM,Oj_102
4288058E,4288058E,ON,2_21_07 12-39-08 AM,Oj_102
2258358E,2258358E,ON,2_21_07 12-39-08 AM,Oj_102
2333415E,2333415E,ON,2_21_07 12-39-08 AM,Oj_102
2196493E,2196493E,ON,2_21_07 12-39-08 AM,Oj_102
2148116E,2148116E,ON,2_21_07 12-39-08 AM,Oj_102
2148116E,2148116E,ON,2_21_07 12-39-08 AM,Oj_102
2149144E,2149144E,ON,2_21_07 12-39-08 AM,Oj_102
2148455E,2148455E,ON,2_21_07 12-39-08 AM,Oj_102
2118879E,2118879E,ON,2_21_07 12-39-08 AM,Oj_102
2119051E,2119051E,ON,2_21_07 12-39-08 AM,Oj_102
4633454E,4633454E,ON,2_21_07 12-39-08 AM,Oj_102
2149299E,2149299E,ON,2_21_07 12-39-08 AM,Oj_102
2258090E,2258090E,ON,2_21_07 12-39-08 AM,Oj_102
1945458E,1945458E,ON,2_21_07 12-39-08 AM,Oj_102
2149657E,2149657E,ON,2_21_07 12-39-08 AM,Oj_102
1956694E,1956694E,ON,2_21_07 12-39-08 AM,Oj_102
4468647E,4468647E,ON,2_21_07 12-39-08 AM,Oj_102
2120103E,2120103E,ON,2_21_07 12-39-08 AM,Oj_102
2149148E,2149148E,ON,2_21_07 12-39-08 AM,Oj_102
2120039E,2120039E,ON,2_21_07 12-39-08 AM,Oj_102
2119108E,2119108E,ON,2_21_07 12-39-08 AM,Oj_102
CONV498724,CONV498724,ON,2_21_07 12-39-08 AM,Oj_102
4482954E,4482954E,ON,2_21_07 12-39-08 AM,Oj_102
2318481E,2318481E,ON,2_21_07 12-39-08 AM,Oj_102
4482955E,4482955E,ON,2_21_07 12-39-08 AM,Oj_102
2333119E,2333119E,ON,2_21_07 12-39-08 AM,Oj_102
4400694E,4400694E,ON,2_21_07 12-39-08 AM,Oj_102
4400694E,4400694E,ON,2_21_07 12-39-08 AM,Oj_102
CONV498722,CONV498722,ON,2_21_07 12-39-08 AM,Oj_102
2149300E,2149300E,ON,2_21_07 12-39-08 AM,Oj_102
2148441E,2148441E,ON,2_21_07 12-39-08 AM,Oj_102
2194744E,2194744E,ON,2_21_07 12-39-08 AM,Oj_102
2149267E,2149267E,ON,2_21_07 12-39-08 AM,Oj_102
2119060E,2119060E,ON,2_21_07 12-39-08 AM,Oj_102
2149274E,2149274E,ON,2_21_07 12-39-08 AM,Oj_102
2258363E,2258363E,ON,2_21_07 12-39-08 AM,Oj_102
4392774E,4392774E,ON,2_21_07 12-39-08 AM,Oj_102
4392774E,4392774E,ON,2_21_07 12-39-08 AM,Oj_102
2148422E,2148422E,ON,2_21_07 12-39-08 AM,Oj_102
2149561E,2149561E,ON,2_21_07 12-39-08 AM,Oj_102
2149271E,2149271E,ON,2_21_07 12-39-08 AM,Oj_102
4468625E,4468625E,ON,2_21_07 12-39-08 AM,Oj_102
2258389E,2258389E,ON,2_21_07 12-39-08 AM,Oj_102
2119123E,2119123E,ON,2_21_07 12-39-08 AM,Oj_102
2120038E,2120038E,ON,2_21_07 12-39-08 AM,Oj_102
2148289E,2148289E,ON,2_21_07 12-39-08 AM,Oj_102
2119913E,2119913E,ON,2_21_07 12-39-08 AM,Oj_102
2119288E,2119288E,ON,2_21_07 12-39-08 AM,Oj_102
1911631E,1911631E,ON,2_21_07 12-39-08 AM,Oj_102
2119842E,2119842E,ON,2_21_07 12-39-08 AM,Oj_102
2149129E,2149129E,ON,2_21_07 12-39-08 AM,Oj_102
2120215E,2120215E,ON,2_21_07 12-39-08 AM,Oj_102
2119687E,2119687E,ON,2_21_07 12-39-08 AM,Oj_102
2149264E,2149264E,ON,2_21_07 12-39-08 AM,Oj_102
2258605E,2258605E,ON,2_21_07 12-39-08 AM,Oj_102
2149210E,2149210E,ON,2_21_07 12-39-08 AM,Oj_102
1956692E,1956692E,ON,2_21_07 12-39-08 AM,Oj_102
2149560E,2149560E,ON,2_21_07 12-39-08 AM,Oj_102
2258681E,2258681E,ON,2_21_07 12-39-08 AM,Oj_102
2258670E,2258670E,ON,2_21_07 12-39-08 AM,Oj_102
2257595E,2257595E,ON,2_21_07 12-39-08 AM,Oj_102
2149306E,2149306E,ON,2_21_07 12-39-08 AM,Oj_102
2149076E,2149076E,ON,2_21_07 12-39-08 AM,Oj_102
2148287E,2148287E,ON,2_21_07 12-39-08 AM,Oj_102
2258047E,2258047E,ON,2_21_07 12-39-08 AM,Oj_102
2318704E,2318704E,ON,2_21_07 12-39-08 AM,Oj_102
2258354E,2258354E,ON,2_21_07 12-39-08 AM,Oj_102
4055731E,4055731E,ON,2_21_07 12-39-08 AM,Oj_102
4055731E,4055731E,ON,2_21_07 12-39-08 AM,Oj_102
2119083E,2119083E,ON,2_21_07 12-39-08 AM,Oj_102
2333397E,2333397E,ON,2_21_07 12-39-08 AM,Oj_102
2119119E,2119119E,ON,2_21_07 12-39-08 AM,Oj_102
2258275E,2258275E,ON,2_21_07 12-39-08 AM,Oj_102
2258915E,2258915E,ON,2_21_07 12-39-08 AM,Oj_102
2196494E,2196494E,ON,2_21_07 12-39-08 AM,Oj_102
4401451E,4401451E,ON,2_21_07 12-39-08 AM,Oj_102
2149293E,2149293E,ON,2_21_07 12-39-08 AM,Oj_102
2318761E,2318761E,ON,2_21_07 12-39-08 AM,Oj_102
2257104E,2257104E,ON,2_21_07 12-39-08 AM,Oj_102
2149305E,2149305E,ON,2_21_07 12-39-08 AM,Oj_102
2120201E,2120201E,ON,2_21_07 12-39-08 AM,Oj_102
2149658E,2149658E,ON,2_21_07 12-39-08 AM,Oj_102
2148127E,2148127E,ON,2_21_07 12-39-09 AM,Oj_102
2120037E,2120037E,ON,2_21_07 12-39-09 AM,Oj_102
4400679E,4400679E,ON,2_21_07 12-39-09 AM,Oj_102
2257972E,2257972E,ON,2_21_07 12-39-09 AM,Oj_102
4474165E,4474165E,ON,2_21_07 12-39-09 AM,Oj_102
2119228E,2119228E,ON,2_21_07 12-39-09 AM,Oj_102
2333134E,2333134E,ON,2_21_07 12-39-09 AM,Oj_102
4471192E,4471192E,ON,2_21_07 12-39-09 AM,Oj_102
4486636E,4486636E,ON,2_21_07 12-39-09 AM,Oj_102
4170242E,4170242E,ON,2_21_07 12-39-09 AM,Oj_102
2119915E,2119915E,ON,2_21_07 12-39-09 AM,Oj_102
2333149E,2333149E,ON,2_21_07 12-39-09 AM,Oj_102
2120117E,2120117E,ON,2_21_07 12-39-09 AM,Oj_102
2120104E,2120104E,ON,2_21_07 12-39-09 AM,Oj_102
2119062E,2119062E,ON,2_21_07 12-39-09 AM,Oj_102
2119898E,2119898E,ON,2_21_07 12-39-09 AM,Oj_102
2119898E,2119898E,ON,2_21_07 12-39-09 AM,Oj_102
2148453E,2148453E,ON,2_21_07 12-39-09 AM,Oj_102
2258387E,2258387E,ON,2_21_07 12-39-09 AM,Oj_102
2257410E,2257410E,ON,2_21_07 12-39-09 AM,Oj_102
2251231E,2251231E,ON,2_21_07 12-39-09 AM,Oj_102
2251231E,2251231E,ON,2_21_07 12-39-09 AM,Oj_102
4400683E,4400683E,ON,2_21_07 12-39-09 AM,Oj_102
2120213E,2120213E,ON,2_21_07 12-39-09 AM,Oj_102
2148974E,2148974E,ON,2_21_07 12-39-09 AM,Oj_102
2251563E,2251563E,ON,2_21_07 12-39-09 AM,Oj_102
2318703E,2318703E,ON,2_21_07 12-39-09 AM,Oj_102
4468604E,4468604E,ON,2_21_07 12-39-09 AM,Oj_102
2149607E,2149607E,ON,2_21_07 12-39-09 AM,Oj_102
2149607E,2149607E,ON,2_21_07 12-39-09 AM,Oj_102
2258007E,2258007E,ON,2_21_07 12-39-09 AM,Oj_102
2120111E,2120111E,ON,2_21_07 12-39-09 AM,Oj_102
2251230E,2251230E,ON,2_21_07 12-39-09 AM,Oj_102
2149275E,2149275E,ON,2_21_07 12-39-09 AM,Oj_102
2318304E,2318304E,ON,2_21_07 12-39-09 AM,Oj_102
2149301E,2149301E,ON,2_21_07 12-39-09 AM,Oj_102
2318759E,2318759E,ON,2_21_07 12-39-09 AM,Oj_102
2258380E,2258380E,ON,2_21_07 12-39-09 AM,Oj_102
4486629E,4486629E,ON,2_21_07 12-39-09 AM,Oj_102
2120046E,2120046E,ON,2_21_07 12-39-09 AM,Oj_102
2195835E,2195835E,ON,2_21_07 12-39-09 AM,Oj_102
2148966E,2148966E,ON,2_21_07 12-39-09 AM,Oj_102
2119297E,2119297E,ON,2_21_07 12-39-09 AM,Oj_102
2119035E,2119035E,ON,2_21_07 12-39-09 AM,Oj_102
2148828E,2148828E,ON,2_21_07 12-39-09 AM,Oj_102
2119919E,2119919E,ON,2_21_07 12-39-09 AM,Oj_102
2318377E,2318377E,ON,2_21_07 12-39-09 AM,Oj_102
2251235E,2251235E,ON,2_21_07 12-39-09 AM,Oj_102
2333641E,2333641E,ON,2_21_07 12-39-09 AM,Oj_102
2119231E,2119231E,ON,2_21_07 12-39-09 AM,Oj_102
2119081E,2119081E,ON,2_21_07 12-39-09 AM,Oj_102
1945452E,1945452E,ON,2_21_07 12-39-09 AM,Oj_102
2195841E,2195841E,ON,2_21_07 12-39-09 AM,Oj_102
1911635E,1911635E,ON,2_21_07 12-39-09 AM,Oj_102
2148465E,2148465E,ON,2_21_07 12-39-09 AM,Oj_102
2148465E,2148465E,ON,2_21_07 12-39-09 AM,Oj_102
2258359E,2258359E,ON,2_21_07 12-39-09 AM,Oj_102
4468628E,4468628E,ON,2_21_07 12-39-09 AM,Oj_102
2119043E,2119043E,ON,2_21_07 12-39-09 AM,Oj_102
2119285E,2119285E,ON,2_21_07 12-39-09 AM,Oj_102
2318301E,2318301E,ON,2_21_07 12-39-09 AM,Oj_102
2149565E,2149565E,CYCLING,2_20_07 10-57-01 PM,Oj_102
2258351E,2258351E,ON,2_21_07 12-39-09 AM,Oj_102
2333411E,2333411E,ON,2_21_07 12-39-09 AM,Oj_102
2318478E,2318478E,ON,2_21_07 12-39-09 AM,Oj_102
2119122E,2119122E,ON,2_21_07 12-39-09 AM,Oj_102
2118876E,2118876E,ON,2_21_07 12-39-09 AM,Oj_102
2251690E,2251690E,ON,2_21_07 12-39-09 AM,Oj_102
2195833E,2195833E,ON,2_21_07 12-39-09 AM,Oj_102
2148823E,2148823E,ON,2_21_07 12-39-09 AM,Oj_102
1911622E,1911622E,ON,2_21_07 12-39-09 AM,Oj_102
2119695E,2119695E,ON,2_21_07 12-39-09 AM,Oj_102
1911629E,1911629E,ON,2_21_07 12-39-09 AM,Oj_102
2318374E,2318374E,ON,2_21_07 12-39-09 AM,Oj_102
2149315E,2149315E,ON,2_21_07 12-39-09 AM,Oj_102
2119076E,2119076E,ON,2_21_07 12-39-09 AM,Oj_102
1945457E,1945457E,ON,2_21_07 12-39-09 AM,Oj_102
2149303E,2149303E,ON,2_21_07 12-39-09 AM,Oj_102
2195834E,2195834E,ON,2_21_07 12-39-09 AM,Oj_102
2148419E,2148419E,ON,2_21_07 12-39-09 AM,Oj_102
2119902E,2119902E,ON,2_21_07 12-39-09 AM,Oj_102
2120112E,2120112E,ON,2_21_07 12-39-09 AM,Oj_102
2318701E,2318701E,ON,2_21_07 12-39-09 AM,Oj_102
2258383E,2258383E,ON,2_21_07 12-39-09 AM,Oj_102
2251559E,2251559E,ON,2_21_07 12-39-09 AM,Oj_102
2149556E,2149556E,ON,2_21_07 12-39-09 AM,Oj_102
2149556E,2149556E,ON,2_21_07 12-39-09 AM,Oj_102
4486631E,4486631E,ON,2_21_07 12-39-09 AM,Oj_102
2258271E,2258271E,ON,2_21_07 12-39-09 AM,Oj_102
2258271E,2258271E,ON,2_21_07 12-39-09 AM,Oj_102
2149654E,2149654E,ON,2_21_07 12-39-09 AM,Oj_102
4482956E,4482956E,ON,2_21_07 12-39-09 AM,Oj_102
4170246E,4170246E,ON,2_21_07 12-39-09 AM,Oj_102
1956690E,1956690E,ON,2_21_07 12-39-09 AM,Oj_102
2258534E,2258534E,ON,2_21_07 12-39-09 AM,Oj_102
2258283E,2258283E,ON,2_21_07 12-39-09 AM,Oj_102
2257776E,2257776E,ON,2_21_07 12-39-09 AM,Oj_102
2333118E,2333118E,ON,2_21_07 12-39-09 AM,Oj_102
4400684E,4400684E,ON,2_21_07 12-39-09 AM,Oj_102
2149147E,2149147E,ON,2_21_07 12-39-09 AM,Oj_102
2148285E,2148285E,ON,2_21_07 12-39-09 AM,Oj_102
2195902E,2195902E,ON,2_21_07 12-39-09 AM,Oj_102
4483248E,4483248E,ON,2_21_07 12-39-09 AM,Oj_102
4170247E,4170247E,ON,2_21_07 12-39-09 AM,Oj_102
2148964E,2148964E,ON,2_21_07 12-39-09 AM,Oj_102
2149270E,2149270E,ON,2_21_07 12-39-09 AM,Oj_102
2148833E,2148833E,ON,2_21_07 12-39-09 AM,Oj_102
2258388E,2258388E,ON,2_21_07 12-39-09 AM,Oj_102
4288067E,4288067E,ON,2_21_07 12-39-09 AM,Oj_102
4288067E,4288067E,ON,2_21_07 12-39-09 AM,Oj_102
2258382E,2258382E,ON,2_21_07 12-39-09 AM,Oj_102
2119077E,2119077E,ON,2_21_07 12-39-09 AM,Oj_102
4468626E,4468626E,ON,2_21_07 12-39-09 AM,Oj_102
2119023E,2119023E,ON,2_21_07 12-39-09 AM,Oj_102
2119023E,2119023E,ON,2_21_07 12-39-09 AM,Oj_102
2148101E,2148101E,ON,2_21_07 12-39-09 AM,Oj_102
2333035E,2333035E,ON,2_21_07 12-39-09 AM,Oj_102
2196226E,2196226E,ON,2_21_07 12-39-09 AM,Oj_102
2149263E,2149263E,ON,2_21_07 12-39-09 AM,Oj_102
2258274E,2258274E,ON,2_21_07 12-39-09 AM,Oj_102
4483243E,4483243E,ON,2_21_07 12-39-09 AM,Oj_102
2119911E,2119911E,ON,2_21_07 12-39-09 AM,Oj_102
2258607E,2258607E,ON,2_21_07 12-39-09 AM,Oj_102
2149098E,2149098E,ON,2_21_07 12-39-09 AM,Oj_102
CONV485275,CONV485275,ON,2_21_07 12-39-09 AM,Oj_102
2119685E,2119685E,ON,2_21_07 12-39-09 AM,Oj_102
2258612E,2258612E,ON,2_21_07 12-39-09 AM,Oj_102
2149143E,2149143E,ON,2_21_07 12-39-09 AM,Oj_102
2119050E,2119050E,ON,2_21_07 12-39-09 AM,Oj_102
2119180E,2119180E,ON,2_21_07 12-39-09 AM,Oj_102
2194741E,2194741E,ON,2_21_07 12-39-09 AM,Oj_102
4580142E,4580142E,ON,2_21_07 12-39-09 AM,Oj_102
2149128E,2149128E,ON,2_21_07 12-39-09 AM,Oj_102
2258008E,2258008E,ON,2_21_07 12-39-09 AM,Oj_102
2257782E,2257782E,ON,2_21_07 12-39-09 AM,Oj_102
2251236E,2251236E,ON,2_21_07 12-39-09 AM,Oj_102
2148110E,2148110E,ON,2_21_07 12-39-09 AM,Oj_102
2148963E,2148963E,ON,2_21_07 12-39-09 AM,Oj_102
2257411E,2257411E,ON,2_21_07 12-39-09 AM,Oj_102
2118888E,2118888E,ON,2_21_07 12-39-09 AM,Oj_102
2119112E,2119112E,ON,2_21_07 12-39-09 AM,Oj_102
1945455E,1945455E,ON,2_21_07 12-39-09 AM,Oj_102
2333002E,2333002E,ON,2_21_07 12-39-09 AM,Oj_102
2318483E,2318483E,ON,2_21_07 12-39-09 AM,Oj_102
4400698E,4400698E,ON,2_21_07 12-39-09 AM,Oj_102
2149068E,2149068E,ON,2_21_07 12-39-09 AM,Oj_102
4486628E,4486628E,ON,2_21_07 12-39-09 AM,Oj_102
2258376E,2258376E,ON,2_21_07 12-39-09 AM,Oj_102
4400693E,4400693E,ON,2_21_07 12-39-09 AM,Oj_102
4400693E,4400693E,ON,2_21_07 12-39-09 AM,Oj_102
2119299E,2119299E,ON,2_21_07 12-39-09 AM,Oj_102
2120209E,2120209E,ON,2_21_07 12-39-09 AM,Oj_102
2119925E,2119925E,ON,2_21_07 12-39-09 AM,Oj_102
2098775E,2098775E,ON,2_21_07 12-39-09 AM,Oj_102
2119182E,2119182E,ON,2_21_07 12-39-09 AM,Oj_102
4000814E,4000814E,ON,2_21_07 12-39-09 AM,Oj_102
2149126E,2149126E,ON,2_21_07 12-39-09 AM,Oj_102
4361250E,4361250E,ON,2_21_07 12-39-09 AM,Oj_102
4486635E,4486635E,ON,2_21_07 12-39-09 AM,Oj_102
2196228E,2196228E,ON,2_21_07 12-39-09 AM,Oj_102
2258247E,2258247E,ON,2_21_07 12-39-09 AM,Oj_102
4474164E,4474164E,ON,2_21_07 12-39-09 AM,Oj_102
2257971E,2257971E,ON,2_21_07 12-39-09 AM,Oj_102
2120116E,2120116E,ON,2_21_07 12-39-09 AM,Oj_102
2195824E,2195824E,ON,2_21_07 12-39-09 AM,Oj_102
2119177E,2119177E,ON,2_21_07 12-39-09 AM,Oj_102
2120113E,2120113E,ON,2_21_07 12-39-09 AM,Oj_102
4170248E,4170248E,ON,2_21_07 12-39-09 AM,Oj_102
2258289E,2258289E,ON,2_21_07 12-39-09 AM,Oj_102
2333398E,2333398E,ON,2_21_07 12-39-09 AM,Oj_102
2119016E,2119016E,ON,2_21_07 12-39-09 AM,Oj_102
2119843E,2119843E,ON,2_21_07 12-39-09 AM,Oj_102
2119843E,2119843E,ON,2_21_07 12-39-09 AM,Oj_102
2318376E,2318376E,ON,2_21_07 12-39-09 AM,Oj_102
4170201E,4170201E,ON,2_21_07 12-39-10 AM,Oj_102
2333642E,2333642E,ON,2_21_07 12-39-10 AM,Oj_102
4580141E,4580141E,ON,2_21_07 12-39-10 AM,Oj_102
4486633E,4486633E,ON,2_21_07 12-39-10 AM,Oj_102
2258907E,2258907E,ON,2_21_07 12-39-10 AM,Oj_102
2148121E,2148121E,ON,2_21_07 12-39-10 AM,Oj_102
2148121E,2148121E,ON,2_21_07 12-39-10 AM,Oj_102
2333116E,2333116E,ON,2_21_07 12-39-10 AM,Oj_102
2196065E,2196065E,ON,2_21_07 12-39-10 AM,Oj_102
2119675E,2119675E,ON,2_21_07 12-39-10 AM,Oj_102
2195831E,2195831E,ON,2_21_07 12-39-10 AM,Oj_102
1945471E,1945471E,ON,2_21_07 12-39-10 AM,Oj_102
2148320E,2148320E,ON,2_21_07 12-39-10 AM,Oj_102
2120206E,2120206E,ON,2_21_07 12-39-10 AM,Oj_102
2148968E,2148968E,ON,2_21_07 12-39-10 AM,Oj_102
2333392E,2333392E,ON,2_21_07 12-39-10 AM,Oj_102
2149214E,2149214E,ON,2_21_07 12-39-10 AM,Oj_102
2149605E,2149605E,ON,2_21_07 12-39-10 AM,Oj_102
2251561E,2251561E,ON,2_21_07 12-39-10 AM,Oj_102
2148420E,2148420E,ON,2_21_07 12-39-10 AM,Oj_102
2148445E,2148445E,ON,2_21_07 12-39-10 AM,Oj_102
2149569E,2149569E,ON,2_21_07 12-39-10 AM,Oj_102
2148440E,2148440E,ON,2_21_07 12-39-10 AM,Oj_102
2258369E,2258369E,ON,2_21_07 12-39-10 AM,Oj_102
2119683E,2119683E,ON,2_21_07 12-39-10 AM,Oj_102
2318763E,2318763E,ON,2_21_07 12-39-10 AM,Oj_102
2149294E,2149294E,ON,2_21_07 12-39-10 AM,Oj_102
2119912E,2119912E,ON,2_21_07 12-39-10 AM,Oj_102
2258697E,2258697E,ON,2_21_07 12-39-10 AM,Oj_102
2195845E,2195845E,ON,2_21_07 12-39-10 AM,Oj_102
2251688E,2251688E,ON,2_21_07 12-39-10 AM,Oj_102
1956691E,1956691E,ON,2_21_07 12-39-10 AM,Oj_102
2119046E,2119046E,ON,2_21_07 12-39-10 AM,Oj_102
4400699E,4400699E,ON,2_21_07 12-39-10 AM,Oj_102
2258365E,2258365E,ON,2_21_07 12-39-10 AM,Oj_102
4468629E,4468629E,ON,2_21_07 12-39-10 AM,Oj_102
2258688E,2258688E,ON,2_21_07 12-39-10 AM,Oj_102
2149564E,2149564E,ON,2_21_07 12-39-10 AM,Oj_102
2148957E,2148957E,ON,2_21_07 12-39-10 AM,Oj_102
2148957E,2148957E,ON,2_21_07 12-39-10 AM,Oj_102
2149308E,2149308E,ON,2_21_07 12-39-10 AM,Oj_102
2194748E,2194748E,ON,2_21_07 12-39-10 AM,Oj_102
1911621E,1911621E,ON,2_21_07 12-39-10 AM,Oj_102
2318479E,2318479E,ON,2_21_07 12-39-10 AM,Oj_102
4153512E,4153512E,ON,2_21_07 12-39-10 AM,Oj_102
2148831E,2148831E,ON,2_21_07 12-39-10 AM,Oj_102
4288061E,4288061E,ON,2_21_07 12-39-10 AM,Oj_102
4288061E,4288061E,ON,2_21_07 12-39-10 AM,Oj_102
4580144E,4580144E,ON,2_21_07 12-39-10 AM,Oj_102
CONV485246,CONV485246,ON,2_21_07 12-39-10 AM,Oj_102
2148962E,2148962E,ON,2_21_07 12-39-10 AM,Oj_102
2119229E,2119229E,ON,2_21_07 12-39-10 AM,Oj_102
4000813E,4000813E,ON,2_21_07 12-39-10 AM,Oj_102
2318764E,2318764E,ON,2_21_07 12-39-10 AM,Oj_102
4580140E,4580140E,ON,2_21_07 12-39-10 AM,Oj_102
2195829E,2195829E,ON,2_21_07 12-39-10 AM,Oj_102
2119176E,2119176E,ON,2_21_07 12-39-10 AM,Oj_102
2149140E,2149140E,ON,2_21_07 12-39-10 AM,Oj_102
2258689E,2258689E,ON,2_21_07 12-39-10 AM,Oj_102
2119227E,2119227E,ON,2_21_07 12-39-10 AM,Oj_102
2119906E,2119906E,ON,2_21_07 12-39-10 AM,Oj_102
2119106E,2119106E,ON,2_21_07 12-39-10 AM,Oj_102
2318705E,2318705E,ON,2_21_07 12-39-10 AM,Oj_102
2258282E,2258282E,ON,2_21_07 12-39-10 AM,Oj_102
2333556E,2333556E,ON,2_21_07 12-39-10 AM,Oj_102
2119845E,2119845E,ON,2_21_07 12-39-10 AM,Oj_102
2119845E,2119845E,ON,2_21_07 12-39-10 AM,Oj_102
4483245E,4483245E,ON,2_21_07 12-39-10 AM,Oj_102
4437792E,4437792E,CYCLING,2_20_07 9-04-31 PM,Oj_102
2119040E,2119040E,ON,2_21_07 12-39-10 AM,Oj_102
2118448E,2118448E,ON,2_21_07 12-39-10 AM,Oj_102
2148323E,2148323E,ON,2_21_07 12-39-10 AM,Oj_102
2149216E,2149216E,ON,2_21_07 12-39-10 AM,Oj_102
1945464E,1945464E,ON,2_21_07 12-39-10 AM,Oj_102
2258284E,2258284E,ON,2_21_07 12-39-10 AM,Oj_102
2258666E,2258666E,ON,2_21_07 12-39-10 AM,Oj_102
2257778E,2257778E,OFF,2_20_07 10-20-02 PM,Oj_102
2119899E,2119899E,ON,2_21_07 12-39-10 AM,Oj_102
2119899E,2119899E,ON,2_21_07 12-39-10 AM,Oj_102
2148834E,2148834E,ON,2_21_07 12-39-10 AM,Oj_102
2119019E,2119019E,ON,2_21_07 12-39-10 AM,Oj_102
2148282E,2148282E,ON,2_21_07 12-39-10 AM,Oj_102
2333136E,2333136E,ON,2_21_07 12-39-10 AM,Oj_102
2118889E,2118889E,ON,2_21_07 12-39-10 AM,Oj_102
4486634E,4486634E,ON,2_21_07 12-39-10 AM,Oj_102
2119918E,2119918E,ON,2_21_07 12-39-10 AM,Oj_102
2148427E,2148427E,ON,2_21_07 12-39-10 AM,Oj_102
2258390E,2258390E,ON,2_21_07 12-39-10 AM,Oj_102
2194745E,2194745E,ON,2_21_07 12-39-10 AM,Oj_102
4580143E,4580143E,ON,2_21_07 12-39-10 AM,Oj_102
2119049E,2119049E,ON,2_21_07 12-39-10 AM,Oj_102
2258361E,2258361E,ON,2_21_07 12-39-10 AM,Oj_102
4468627E,4468627E,ON,2_21_07 12-39-10 AM,Oj_102
2119296E,2119296E,ON,2_21_07 12-39-10 AM,Oj_102
4580139E,4580139E,ON,2_21_07 12-39-10 AM,Oj_102
2119018E,2119018E,ON,2_21_07 12-39-10 AM,Oj_102
4288059E,4288059E,ON,2_21_07 12-39-10 AM,Oj_102
4288059E,4288059E,ON,2_21_07 12-39-10 AM,Oj_102
2148107E,2148107E,ON,2_21_07 12-39-10 AM,Oj_102
2333031E,2333031E,ON,2_21_07 12-39-10 AM,Oj_102
CONV594598,CONV594598,ON,2_21_07 12-39-10 AM,Oj_102
2120047E,2120047E,ON,2_21_07 12-39-10 AM,Oj_102
2148466E,2148466E,ON,2_21_07 12-39-10 AM,Oj_102
2148466E,2148466E,ON,2_21_07 12-39-10 AM,Oj_102
2195901E,2195901E,ON,2_21_07 12-39-10 AM,Oj_102
2194747E,2194747E,ON,2_21_07 12-39-10 AM,Oj_102
2119281E,2119281E,ON,2_21_07 12-39-10 AM,Oj_102
2119281E,2119281E,ON,2_21_07 12-39-10 AM,Oj_102
2258604E,2258604E,ON,2_21_07 12-39-10 AM,Oj_102
2149217E,2149217E,ON,2_21_07 12-39-10 AM,Oj_102
2148829E,2148829E,ON,2_21_07 12-39-10 AM,Oj_102
2119392E,2119392E,ON,2_21_07 12-39-10 AM,Oj_102
4483244E,4483244E,ON,2_21_07 12-39-10 AM,Oj_102
2149211E,2149211E,ON,2_21_07 12-39-10 AM,Oj_102
2258680E,2258680E,ON,2_21_07 12-39-10 AM,Oj_102
2149139E,2149139E,ON,2_21_07 12-39-10 AM,Oj_102
2119849E,2119849E,ON,2_21_07 12-39-10 AM,Oj_102
2119849E,2119849E,ON,2_21_07 12-39-10 AM,Oj_102
2149557E,2149557E,ON,2_21_07 12-39-10 AM,Oj_102
2149557E,2149557E,ON,2_21_07 12-39-10 AM,Oj_102
2257774E,2257774E,ON,2_21_07 12-39-10 AM,Oj_102
2149080E,2149080E,ON,2_21_07 12-39-10 AM,Oj_102
2148972E,2148972E,ON,2_21_07 12-39-10 AM,Oj_102
2149127E,2149127E,ON,2_21_07 12-39-10 AM,Oj_102
2333113E,2333113E,CYCLING,2_20_07 10-23-21 PM,Oj_102
2251228E,2251228E,ON,2_21_07 12-39-10 AM,Oj_102
2148111E,2148111E,ON,2_21_07 12-39-10 AM,Oj_102
2119118E,2119118E,ON,2_21_07 12-39-10 AM,Oj_102
2118886E,2118886E,OFF,2_20_07 11-03-29 PM,Oj_102
2333004E,2333004E,ON,2_21_07 12-39-10 AM,Oj_102
1945460E,1945460E,ON,2_21_07 12-39-10 AM,Oj_102
1945454E,1945454E,ON,2_21_07 12-39-10 AM,Oj_102
2119692E,2119692E,CYCLING,2_20_07 9-46-41 PM,Oj_102
2149067E,2149067E,ON,2_21_07 12-39-10 AM,Oj_102
2318767E,2318767E,ON,2_21_07 12-39-10 AM,Oj_102
4580101E,4580101E,ON,2_21_07 12-39-10 AM,Oj_102
2257968E,2257968E,ON,2_21_07 12-39-10 AM,Oj_102
2318386E,2318386E,OFF,2_20_07 11-07-50 PM,Oj_102
2149146E,2149146E,ON,2_21_07 12-39-10 AM,Oj_102
4580138E,4580138E,ON,2_21_07 12-39-10 AM,Oj_102
2120210E,2120210E,ON,2_21_07 12-39-10 AM,Oj_102
2119179E,2119179E,ON,2_21_07 12-39-10 AM,Oj_102
4400677E,4400677E,ON,2_21_07 12-39-10 AM,Oj_102
2258249E,2258249E,ON,2_21_07 12-39-10 AM,Oj_102
2251795E,2251795E,ON,2_21_07 12-39-10 AM,Oj_102
4170244E,4170244E,ON,2_21_07 12-39-10 AM,Oj_102
4474163E,4474163E,ON,2_21_07 12-39-10 AM,Oj_102
2258288E,2258288E,ON,2_21_07 12-39-10 AM,Oj_102
