Original_Structure_Number,Field_Structure_Number,Pole_XY_Coordinate,Lens_Type
1047163E,1047163E,1239653.48307954;12320469.071399,DROP
2247705E,2247705E,1237965.55033236;12317302.3980915,DROP
2266438E,2266438E,1240792.34080823;12317313.6741078,DROP
2380822E,2380822E,1241930.2517882;12320473.4857021,DROP
4115856E,4115856E,1242537.25471131;12322557.3301754,FLAT
4321696E,4321696E,1236967.41784752;12320899.9200083,DROP
4560240E,4560240E,1240512.27152537;12318686.9110879,FLAT
4560922E,4560922E,1236599.78773049;12318769.9600615,FLAT
4584001E,4584001E,1237397.34697243;12318794.3843398,FLAT
4584316E,4584316E,1236606.07683995;12320023.7223301,FLAT
4584333E,4584333E,1237396.10607723;12320341.417724,FLAT
4584373E,4384360E,1240331.30653174;12319846.3400247,FLAT
4584957E,4584957E,1233202.46821506;12318425.186902,DROP
4584963E,4584963E,1233922.75194871;12318424.4789288,FLAT
4584964E,4584964E,1233780.10549996;12318415.5095901,DROP
4584995E,4584994E,1235305.92904295;12318768.7709944,FLAT
4585152E,4585152E,1239595.98932068;12321892.6397435,FLAT
4585167E,4585167E,1238664.22436362;12321537.8895378,FLAT
4585224E,4585224E,1240530.37803149;12321360.1547577,FLAT
4585232E,4585232E,1240814.29835521;12321378.9989505,FLAT
4585240E,4585240E,1240559.47935704;12322862.993566,FLAT
4585354E,4585354E,1235559.43964212;12323350.9181667,FLAT
4585365E,4585365E,1237044.0933009;12322967.435716,FLAT
4595218E,4595218E,1234093.6266493;12322654.5500633,FLAT
4595229E,4595229E,1234101.29547316;12322334.1696633,FLAT
4595232E,4595232E,1234787.79652699;12322330.4090056,FLAT
4595340E,4595340E,1240453.05040214;12322162.6786208,FLAT
4596015E,4596015E,1233456.10159658;12321304.4977167,FLAT
4596209E,4596209E,1237023.57355287;12321913.0670136,FLAT
4596238E,4596238E,1235661.67085861;12321017.6193169,FLAT
4596679E,4596679E,1234313.78254569;12320892.3238727,FLAT
4596688E,4596688E,1235039.40823576;12321265.9272226,FLAT
4617557E,4617557E,1242054.72822164;12317814.9120078,FLAT
4617561E,4617561E,1240931.56103832;12317793.8042263,FLAT
677846E,677846E,1240691.05514585;12321831.4146383,DROP
728850E,728850E,1243274.23423196;12321485.8874971,DROP
814162E,4585634E,1237262.14111732;12319034.3215641,FLAT
819942E,819942E,1243294.0920837;12320474.7613021,DROP
828676E,4585517E,1236210.73446315;12319269.166566,FLAT
968804E,968804E,1242156.45275141;12319644.6503905,DROP
4145154E,4145154E,1274089.2439262;12588095.937625,DROP
4145157E,4145157E,1274431.93382312;12588089.2280586,DROP
4203201E,4203201E,1274073.79249787;12589381.3044703,DROP
4203206E,4203206E,1274064.90340308;12588689.399477,DROP
4203675E,4203675E,1274047.59025036;12597699.0550064,DROP
4203677E,4203677E,1274047.77137803;12597973.72556,DROP
4203780E,4203780E,1275251.82663261;12588758.5117011,DROP
4261265E,4261265E,1275702.65586497;12588872.342454,DROP
4497531E,4497531E,1277812.6048257;12594864.275851,DROP
4497532E,4497532E,1277814.26033042;12594638.314544,DROP
4522119E,4522119E,1276563.16808723;12595286.4442954,DROP
4522123E,4522123E,1276258.22700676;12595038.2992595,DROP
4522411E,4522411E,1275898.84092912;12595527.4477508,DROP
4522419E,4522419E,1275600.98621987;12595266.6143564,DROP
4522420E,4522420E,1275781.19921852;12595246.1915098,DROP
4522421E,4522421E,1275727.66535496;12595076.1136181,DROP
4556210E,4556210E,1276698.57362433;12591570.9231214,DROP
4556758E,4556758E,1276642.51385211;12591757.8151348,DROP
4556760E,4556760E,1276644.95188088;12591482.4902888,DROP
4570903E,4570903E,1276204.91274047;12595740.0715632,DROP
4570908E,4570908E,1276530.23506849;12595780.5714282,DROP
4576685E,4576685E,1276683.27605552;12592531.8409355,DROP
4576688E,4576688E,1276682.33538509;12592191.1082421,DROP
4576694E,4576694E,1276683.64780717;12592729.3687042,DROP
4576769E,4576769E,1276644.54200714;12592946.1318974,DROP
4576772E,4576772E,1276644.32082581;12592365.5055847,DROP
4576773E,4576773E,1276643.53474148;12592249.4597761,DROP
4577475E,4577475E,1275081.99742952;12594973.9020478,DROP
4577479E,4577479E,1274811.28545786;12594856.0106381,DROP
4577482E,4577482E,1274974.17167368;12594743.1200111,DROP
4582052E,4582052E,1276849.35381718;12593985.5246429,DROP
4582060E,4582060E,1276889.68417445;12593527.4889667,DROP
4582781E,4582781E,1274281.03044887;12593518.3373993,DROP
4582784E,4582784E,1274741.07263817;12593542.8111681,DROP
4582903E,4582903E,1274858.26712014;12594412.8166251,DROP
4582918E,4582918E,1274901.79417615;12593513.1167261,DROP
4582935E,4582935E,1275367.03014952;12593838.0463665,DROP
4582936E,4582936E,1275363.57134098;12593692.813461,DROP
4582954E,4582954E,1277690.34911312;12592563.7478752,DROP
4582959E,4582959E,1277950.19758375;12592419.9658871,DROP
4582965E,4582965E,1276976.6097565;12592328.2785609,DROP
4582969E,4582969E,1277543.73206327;12592309.212972,DROP
4582981E,4582981E,1277953.90504482;12591834.616498,DROP
4582982E,4582982E,1277951.20502738;12591970.4518878,DROP
4598621E,4598621E,1274201.14810203;12593380.206509,DROP
4598630E,4598630E,1275346.41314323;12593344.5566303,DROP
4598863E,4598863E,1277082.95057572;12592829.0963106,DROP
4598865E,4598865E,1277082.75152533;12592561.0472538,DROP
4599251E,4599251E,1275428.91974439;12591307.2339475,DROP
4610334E,4610334E,1275095.61198087;12592055.7559869,DROP
4637602E,4637602E,1276515.42310494;12593295.2404688,DROP
4637603E,4637603E,1276457.19695961;12593325.2800209,DROP
4637606E,4637606E,1276265.20054124;12593300.693123,DROP
4637612E,4637612E,1275836.82395255;12593309.123259,DROP
4637613E,4637613E,1276039.95196843;12593301.4425312,DROP
4637619E,4637619E,1276333.20506959;12593110.9811805,DROP
4637622E,4637622E,1276516.97036139;12592959.9465271,DROP
4637623E,4637623E,1276522.35156658;12592823.5887686,DROP
4641703E,4641703E,1275975.08184969;12590875.4758165,DROP
4645540E,4645540E,1277266.87484314;12593303.9075755,DROP
4645541E,4645541E,1277203.80724499;12593333.6586096,DROP
4652760E,4652760E,1273993.58234655;12593377.3963985,DROP
4652762E,4652762E,1273712.72498201;12593382.969454,DROP
4652763E,4652763E,1273581.8789059;12593382.9956135,DROP
4688085E,4688085E,1278327.92058604;12601274.6953393,DROP
4688089E,4688089E,1278334.69063237;12600698.2462893,DROP
4738561E,4738561E,1273448.60425055;12593838.4706798,DROP
4738566E,4738566E,1273044.82918725;12593881.5384961,DROP
4738569E,4738569E,1273032.56523942;12594176.5317024,DROP
4738578E,4738578E,1273034.64371404;12593762.6168203,DROP
4738580E,4738580E,1273038.31000402;12593581.4872968,DROP
1897132E,1897132E,1280192.09897048;12586024.4861606,DROP
1898253E,1898253E,1279492.82276649;12586671.4861599,DROP
1898274E,1898274E,1280179.83561445;12586589.9127349,DROP
1898296E,1898296E,1280636.12381808;12587147.4375352,DROP
1898297E,1898297E,1280811.28894061;12587149.2261292,DROP
1898307E,1898307E,1281479.87259232;12587012.2230621,DROP
1898311E,1898311E,1281576.78607809;12587273.4632327,DROP
1898312E,1898312E,1281753.89004489;12587274.9567719,DROP
2175627E,2175627E,1283237.06026321;12585289.1947861,DROP
2223376E,2223376E,1283357.27405449;12588163.3768124,DROP
2223378E,2223378E,1283462.99971958;12587981.797947,DROP
2259601E,2259601E,1280640.91799696;12585214.6873911,DROP
2259656E,2259656E,1282031.38425403;12587699.1015403,DROP
2273245E,2273245E,1285843.67967667;12585271.4251511,DROP
2294141E,2294141E,1285754.95996615;12584603.4867024,DROP
2294176E,2294176E,1286001.17598228;12583625.9099179,DROP
2305624E,2305624E,1279300.2080226;12586419.6755556,DROP
2305632E,2305632E,1279451.16044029;12586531.8780854,DROP
2373226E,2373226E,1281915.72639353;12582636.63375,DROP
4040677E,4040677E,1280194.17268923;12591673.4189115,DROP
4040775E,4040775E,1284073.51588602;12585535.1209707,DROP
4089564E,4089564E,1281366.17075493;12591401.0337665,DROP
4090522E,4090522E,1280500.07297568;12590627.8369521,DROP
4090525E,4090525E,1279991.0715237;12590653.2140367,DROP
4146561E,4146561E,1285557.09479738;12586614.9224743,DROP
4188045E,4188045E,1281225.38397935;12586994.7342659,DROP
4247733E,4247733E,1282488.03321633;12587928.426975,DROP
4511724E,4511724E,1279295.92469363;12587527.0539307,DROP
4515612E,4515612E,1278270.41316536;12593286.0845899,DROP
4515613E,4515613E,1278465.64772929;12593075.1716869,DROP
4515626E,4515626E,1279296.17902004;12592704.9581948,DROP
4532520E,4532520E,1280706.37569168;12592427.8395265,DROP
4608912E,4608912E,1283300.48713686;12590155.158452,DROP
4608930E,4608930E,1283296.90951257;12589679.1798551,DROP
4608931E,4608931E,1283298.17950287;12589556.5633251,DROP
4645128E,4645128E,1278000.81330115;12593432.6743511,DROP
4657971E,4657971E,1279830.92156126;12592248.9630674,DROP
4670468E,4670468E,1280369.84326957;12592558.4508963,DROP
4670876E,4670876E,1278605.60825616;12593795.4433752,DROP
4848318E,4848318E,1284612.0150592;12586627.8936476,DROP
907568E,907568E,1283040.06983411;12583287.9868608,DROP
917786E,917786E,1284055.71265355;12583287.6659605,DROP
992334E,992334E,1284666.01076828;12583277.5511279,DROP
992335E,992335E,1284666.00741624;12583409.7953048,DROP
K10512Y,K10512Y,1283273.08359722;12585006.5859542,DROP
1435146E,1435146E,1344888.70827667;12340904.3340845,DROP
1452749E,1452749E,1344296.82573116;12339138.409885,DROP
1890353E,1890353E,1343172.14919994;12337917.3108112,DROP
2131517E,2131517E,1341080.15944498;12337040.7367565,DROP
2274567E,2274567E,1341958.35782999;12335303.6560687,DROP
4081548E,4081548E,1345930.8059937;12336492.4647398,DROP
4082455E,4082455E,1345756.20146727;12335871.1972258,DROP
4321379E,4321379E,1342076.36008182;12335399.6479268,DROP
4610984E,4610984E,1339787.98130057;12340586.0727145,DROP
CONV545404,CONV545404,1341301.43588613;12337986.6633389,DROP
1418317E,1418317E,1385257.62073489;12334544.3970214,DROP
1565298E,1565298E,1384504.03146671;12335624.1522735,DROP
2200422E,2200422E,1383189.58564617;12338353.811739,DROP
2218390E,2218390E,1384383.53252767;12338635.1489594,DROP
2218395E,2297952E,1384599.55027425;12339166.0737055,DROP
2219252E,2219252E,1386534.14567506;12338199.8299601,DROP
2219253E,2219253E,1386389.08789129;12338231.0347467,DROP
2219605E,2219605E,1383287.77184606;12339244.3721344,DROP
2220676E,2220676E,1383074.73034787;12333474.3478629,DROP
2220686E,2220686E,1383809.6539923;12334069.7033778,DROP
2220689E,2220689E,1383815.15889585;12334464.958823,DROP
2270919E,2270919E,1383315.51906295;12332067.0599529,DROP
2376691E,2376691E,1381101.6359228;12335715.5643342,N/A
4007065E,4007065E,1382064.73097839;12336616.9151312,DROP
4115819E,4115819E,1382320.59932005;12331857.6587434,DROP
4337489E,4337489E,1380714.22472648;12335144.6623518,FLAT
4610797E,4610797E,1382868.99020053;12331404.4543066,DROP
4626629E,4626629E,1386213.1164139;12333691.2830672,DROP
2298433E,2298433E,1390170.04124264;12342826.8218805,DROP
2298434E,2298434E,1390091.95526736;12342970.8355769,DROP
4031179E,4031179E,1387636.57725376;12343345.2640171,DROP
4031182E,4031182E,1387441.10196959;12343347.7921624,DROP
4031366E,4031366E,1387293.45948632;12343271.7894091,DROP
4272769E,4272769E,1391172.16197997;12340852.5196169,DROP
4648356E,4648356E,1390799.38629241;12340116.3577727,DROP
1526604E,1526604E,1127836.22908618;12403879.1194855,DROP
1526612E,1526612E,1127663.14151886;12404977.9952412,DROP
1526620E,1526620E,1127357.38687864;12403774.8287615,DROP
1576502E,1576502E,1127604.32237901;12405055.0732877,DROP
1576505E,1576505E,1127150.36805119;12405177.2347117,DROP
1576516E,1576516E,1127604.12089926;12404657.5381603,DROP
1638904E,1638904E,1127583.75286337;12406742.912027,DROP
1647072E,1647072E,1127992.78709371;12405796.0781392,DROP
1647073E,1647073E,1127996.41736943;12405931.386294,DROP
1647074E,1647074E,1127986.33558593;12406060.5621067,DROP
1647081E,1647081E,1127494.22280665;12406562.2048088,DROP
1647087E,1647087E,1126750.66185498;12406578.1749778,DROP
2082252E,2082252E,1125650.88123129;12405343.6939455,DROP
2082255E,2082255E,1125609.12183713;12405436.7595301,DROP
2082256E,2082256E,1125812.57046432;12405087.3671003,DROP
2082257E,2082257E,1125891.7722028;12404981.8219293,DROP
2082258E,2082258E,1125939.00707041;12404894.2665336,DROP
2082259E,2082259E,1125996.01668248;12404807.161371,DROP
2082268E,2082268E,1126730.17606406;12403584.5776978,DROP
2082269E,2082269E,1126793.91430586;12403459.7064912,DROP
2086049E,2086049E,1126939.33949547;12403172.8274854,DROP
2197118E,2197118E,1139241.43202306;12417435.3370721,DROP
2241435E,2241435E,1139573.21867087;12418482.1969361,DROP
3006450E,3006450E,1125553.69697242;12406706.2324778,DROP
3006452E,3006452E,1125512.24113416;12406417.2786395,DROP
3006460E,3006460E,1125787.7855584;12405698.1675037,DROP
3006463E,3006463E,1126220.96125931;12405771.7232163,DROP
3006467E,3006467E,1126293.42505754;12406205.6893275,DROP
4080385E,4080385E,1127531.64853597;12402687.9897303,DROP
4097113E,4097113E,1126351.97576305;12407012.0196045,DROP
4108501E,4108501E,1131561.67828556;12404828.7760568,DROP
4108504E,4108504E,1131315.26460745;12404893.2314259,DROP
4108511E,4108511E,1130788.14699248;12405163.8686696,DROP
4108532E,4108532E,1132176.47482727;12404490.3763889,DROP
4108760E,4108760E,1131873.49285977;12405491.2135308,DROP
4108770E,4108770E,1131369.29539182;12406652.8965692,DROP
4108771E,4108771E,1131886.07284017;12406199.1389071,DROP
4108818E,4108818E,1132175.45629099;12402877.3443865,DROP
4108822E,4108822E,1132078.03860169;12403120.7942314,DROP
4108844E,4108844E,1131535.55910937;12404543.7916852,DROP
4124981E,4124981E,1129214.16378465;12406502.0770937,DROP
4125049E,4125049E,1131891.5769366;12407925.9863801,DROP
4125255E,4125255E,1130181.49251135;12407191.4401637,DROP
4125516E,4125516E,1127826.30296655;12405246.8477026,DROP
4126069E,4126069E,1130193.51585743;12407554.4050115,DROP
4374969E,4374969E,1125484.48575285;12406484.4240719,DROP
4434278E,4434278E,1131911.90008214;12405344.7800623,DROP
4437580E,4437580E,1125335.38165254;12405500.6235204,DROP
4437584E,4437584E,1124923.43473884;12405557.6962492,DROP
4733043E,4733043E,1127378.03623251;12402682.85518,DROP
1666213E,1666213E,1121719.53325154;12399104.140312,DROP
1754240E,1754240E,1126433.25928252;12399165.4922111,DROP
1976906E,1976906E,1119735.67633557;12395450.0788324,DROP
1998441E,1998441E,1122255.83323637;12400549.4058447,DROP
3004732E,3004732E,1126933.95435013;12401047.9748139,DROP
4047453E,4047453E,1124323.82935207;12395184.3541882,DROP
4047457E,4047457E,1124015.80612512;12394682.8840787,DROP
4080901E,4080901E,1126102.83097324;12398128.3563771,DROP
4081270E,4081270E,1120358.18563351;12397667.7927675,DROP
4093601E,4093601E,1122870.19066969;12395221.675813,DROP
4093707E,4093707E,1123252.559419;12396108.2999753,DROP
4093909E,4093909E,1124130.43370718;12393204.9853445,DROP
4093910E,4093910E,1124028.83447962;12393318.0665676,DROP
4093911E,4093911E,1123943.625592;12393410.5911351,DROP
4093912E,4093912E,1123855.06728709;12393548.0539126,DROP
4093913E,4093913E,1123789.32734838;12393680.5326665,DROP
4093954E,4093954E,1123963.0857847;12396208.4162611,DROP
4093958E,4093958E,1123984.5170475;12395991.1687071,DROP
4093997E,4093997E,1123044.56814452;12394611.8604237,DROP
4094013E,4094013E,1123215.577177;12397095.9853381,DROP
4094015E,4094015E,1122927.71684727;12396980.5776556,DROP
4108422E,4108422E,1119303.40454601;12393901.2498084,DROP
4108942E,4108942E,1124661.40686016;12395542.3073436,DROP
4249419E,4249419E,1118401.68504945;12394706.2107367,DROP
4249421E,4249421E,1118421.85560109;12394492.5358159,DROP
4343140E,4343140E,1122341.69805779;12396985.3408845,DROP
4403492E,4403492E,1125016.92021831;12394335.9829304,DROP
4432941E,4432941E,1126262.78114082;12399652.8985593,N/A
CONV589064,CONV589064,1123332.69613192;12394382.5337198,DROP
1940596E,1940596E,1111015.75658669;12402110.8870506,DROP
1940600E,1940600E,1111706.87089567;12401987.1264029,DROP
2013376E,2013376E,1109961.33640451;12408303.8463799,DROP
2013378E,2013378E,1109921.41692811;12408246.8201296,DROP
2013382E,2013382E,1109628.16168959;12408104.1222891,DROP
2037765E,2037765E,1109619.95269868;12402051.5917165,DROP
2037832E,2037832E,1108049.73004897;12398032.1627788,DROP
2037834E,2037834E,1107883.01950251;12398383.1594381,DROP
2054976E,2054976E,1103000.40554981;12394517.4554908,DROP
2064426E,2064426E,1110364.40778411;12407698.9796616,DROP
2081915E,2081915E,1111283.36267623;12407982.747251,DROP
2082048E,2082048E,1110675.98069888;12408287.4705688,DROP
2106852E,2106852E,1109372.68247053;12401635.875509,DROP
2137114E,2137114E,1113825.12357061;12400435.5313861,DROP
2161310E,2161310E,1109188.26216705;12406564.3204013,DROP
2161334E,2161334E,1110032.34872515;12406105.2541962,DROP
2171931E,2171931E,1110418.8495336;12405089.9106215,DROP
2171940E,2171940E,1110236.2369997;12405404.5830547,DROP
2171949E,2171949E,1108915.61539946;12406931.481766,DROP
2197403E,2197403E,1114245.10436492;12398509.8334194,DROP
2197422E,2197422E,1114675.53096706;12398428.9637938,DROP
2210072E,2210072E,1105887.74450187;12408531.9797873,DROP
2210082E,2210082E,1106503.55176131;12408599.0741905,DROP
2210083E,2210083E,1106401.77266507;12408448.2966555,DROP
2210086E,2210086E,1106746.64403919;12408482.8274613,DROP
2214029E,2214029E,1108003.1683425;12406043.5161085,DROP
2239882E,2239882E,1107938.44723342;12407947.7162548,DROP
2240383E,2240383E,1104549.7516156;12402117.2643734,DROP
2240388E,2240388E,1104864.90839467;12401642.1306667,DROP
2240810E,2240810E,1105002.61220908;12404182.5175865,DROP
2240812E,2240812E,1105296.94787294;12404169.089823,DROP
2280079E,2280079E,1106906.58625189;12404411.8319101,DROP
2280099E,2280099E,1106131.90357583;12404884.7113507,DROP
3004296E,3004296E,1104534.13916661;12404381.7349261,DROP
3004299E,3004299E,1104376.36905912;12404527.1089971,DROP
3004472E,3004472E,1109872.74066936;12400638.6877551,DROP
3004476E,3004476E,1110073.46078668;12400591.2591331,DROP
3005156E,3005156E,1104961.42917275;12403240.2800719,DROP
3005563E,3005563E,1111483.81034398;12401855.162502,DROP
4046966E,4046966E,1105465.08152904;12403710.0921755,DROP
4125602E,4125602E,1109250.29121887;12399870.9143167,DROP
4511261E,4511261E,1108275.8354342;12400906.8324281,DROP
CONV532312,CONV532312,1113958.36686272;12400664.4568228,DROP
1647604E,1647604E,1099859.8607428;12401549.4651795,N/A
1647605E,1647605E,1099884.67998717;12401677.3752009,N/A
1647605E,1647605E,1099884.67998717;12401677.3752009,N/A
1665545E,1665545E,1100113.05567693;12402667.4354564,N/A
1709078E,1709078E,1101100.34879923;12404827.848732,N/A
1709080E,1709080E,1101097.9454545;12404562.9891615,N/A
1709563E,1709563E,1099975.79593063;12403113.1321263,N/A
1977012E,1977012E,1098409.73214626;12401648.3385416,N/A
2012801E,2012801E,1099708.36815215;12401152.5465625,N/A
2012804E,2012804E,1099258.95680108;12401122.4279459,N/A
2037410E,2037410E,1098497.44980906;12401093.2673655,N/A
2137296E,2137296E,1101778.68934883;12402069.5969627,DROP
2189182E,2189182E,1101189.97016721;12403905.7772779,DROP
2189183E,2189183E,1101077.05456022;12403840.3242152,DROP
2189184E,2189184E,1100942.44600402;12403821.7191641,DROP
2189186E,2189186E,1100711.06722524;12403635.0803828,DROP
2189187E,2189187E,1100563.19573249;12403695.2732729,DROP
2189195E,2189195E,1100406.18348114;12402854.9982545,DROP
2189461E,2189461E,1101615.82602555;12402055.916233,DROP
2197101E,2197101E,1098122.5875512;12405899.4946973,DROP
2240040E,2240040E,1101631.50638465;12402459.3813602,DROP
2240560E,2240560E,1103443.63279375;12400391.4580292,DROP
2240603E,2240603E,1103404.14688499;12403433.1097783,DROP
2241018E,2241018E,1101713.37658609;12404560.0739461,DROP
2241050E,2241050E,1101676.81226199;12405352.6166137,DROP
2241085E,2241085E,1101514.34350466;12405581.6450682,DROP
2279626E,2279626E,1100241.84958066;12406261.9802998,DROP
2279627E,2279627E,1100164.92449634;12406363.5687527,DROP
2279662E,2279662E,1100253.44406746;12406654.2439152,DROP
2288793E,2288793E,1101682.45114558;12403023.7137864,DROP
3003003E,3003003E,1102960.36268478;12403466.1289901,DROP
3005513E,3005513E,1100307.57099067;12401210.9801065,N/A
4312717E,4312717E,1096699.24398165;12403677.1491616,DROP
4460216E,4460216E,1101637.17629582;12404874.3548933,DROP
4726752E,4726752E,1099349.15424962;12404458.7576292,N/A
1099406E,1099406E,1229768.09316458;12333579.0016376,DROP
1378501E,1378501E,1221812.34423837;12337452.0455855,DROP
1378505E,1378505E,1222034.03466895;12337968.1067376,DROP
1477202E,1477202E,1224566.74206357;12337582.2051107,DROP
1612360E,1612360E,1222603.13350844;12338441.6533733,DROP
1700071E,1700071E,1229136.12460134;12334037.1688096,DROP
1700692E,1700692E,1231162.53195697;12335162.6820555,FLAT
1701501E,1701501E,1229211.1694921;12334041.1908418,DROP
1701502E,1701502E,1229378.3715935;12334211.9958249,DROP
1701506E,1701506E,1228980.21391742;12334504.1421777,FLAT
1701513E,1701513E,1230368.4597752;12333843.1628148,FLAT
1701516E,1701516E,1231855.70205418;12334720.7183971,FLAT
1714212E,1714212E,1227831.61775987;12335293.9923493,DROP
1767061E,4596749E,1231242.68901161;12333714.8072768,FLAT
1892726E,1892726E,1228441.95516416;12336862.8776691,DROP
1892731E,1892731E,1228509.89602724;12333860.3303741,DROP
2027850E,2027850E,1225552.21758136;12334162.4588159,DROP
2244468E,2244468E,1234153.6538188;12338043.4384148,DROP
234169E,234169E,1230054.83152011;12334407.1778762,DROP
2380540E,2380540E,1231829.24496483;12336991.7999238,DROP
319977E,319977E,1227248.1357587;12335559.5505443,DROP
4388196E,4388196E,1234324.94555774;12336914.3442949,DROP
4457191E,4457191E,1222952.17117445;12337492.7209698,DROP
4584448E,4584448E,1224168.60999515;12338491.2843927,FLAT
4596589E,4596589E,1232048.51043202;12339012.7123566,FLAT
4617532E,4617532E,1225508.74839628;12338666.8330702,FLAT
4618210E,4618210E,1228599.1366507;12336529.1293832,FLAT
4618221E,4618221E,1226715.83728109;12336531.365766,FLAT
4618224E,4618224E,1226727.8557416;12337071.1510196,FLAT
4618244E,4618244E,1227892.62492339;12336679.044022,FLAT
4618254E,4618254E,1225846.52078289;12336499.6769379,FLAT
4618257E,4618257E,1225883.59058077;12336659.1759382,FLAT
4618263E,4618263E,1225214.50801464;12336031.9494788,FLAT
4618274E,4618274E,1225429.28455328;12337170.0301276,FLAT
4618363E,4618363E,1226317.58220508;12334893.7276432,FLAT
4618366E,4618366E,1225980.53799147;12335195.7734039,FLAT
4618383E,4618383E,1225536.74988315;12335029.9208395,FLAT
4618385E,4618385E,1225963.91721432;12334295.2827587,FLAT
4618392E,4618392E,1226391.88346254;12334822.5356417,FLAT
4618398E,4618398E,1226850.90541571;12334461.840923,FLAT
4618610E,4618610E,1232741.11972912;12335914.0631557,FLAT
4618636E,4618636E,1232409.81134551;12336479.9068095,DROP
4618645E,4556297E,1231698.7474335;12336875.5103765,DROP
4619453E,4619453E,1229365.61921513;12338305.6972103,FLAT
4619492E,4619492E,1228389.47974102;12338187.2734376,FLAT
4634062E,4634062E,1235693.99804045;12339006.2842194,FLAT
4634149E,4634149E,1235651.88666789;12338261.9754524,DROP
4634902E,4634902E,1233021.18673462;12338205.6488456,FLAT
4634917E,4634917E,1232890.71297873;12337805.8956584,FLAT
4634938E,4634938E,1231686.39898031;12338693.4622303,FLAT
4682230E,4682230E,1229405.25024994;12335731.9463838,FLAT
530117E,530117E,1229240.331773;12333515.8712269,DROP
538583H,538583H,1229611.65305862;12335619.8041108,DROP
702772E,702772E,1229823.05983695;12334730.1560932,DROP
747310H,747310H,1224633.73821851;12338351.2478394,DROP
871467E,871467E,1231362.57853671;12334399.1710313,DROP
CONV236708,785060E,1227100.95622605;12338158.1746694,DROP
CONV569582,851877E,1221133.38845667;12337372.8851174,DROP
CONV569643,CONV569643,1225191.12536472;12336925.1529537,DROP
CONV570119,851861E,1224355.68442165;12337575.9489814,DROP
CONV571123,1516579E,1229499.8502978;12333788.4663898,DROP
CONV571124,1631114E,1229401.95120743;12333641.7551449,DROP
CONV591315,CONV591315,1229066.05966036;12338439.1409147,DROP
1700094E,1700094E,1227688.13992378;12332949.1204427,DROP
1767067E,4596740E,1231604.90138135;12333042.1748098,FLAT
1790998E,1790998E,1231988.63253233;12332794.2162063,DROP
1791301E,1791301E,1232598.95763115;12328594.7710399,FLAT
1892753E,1892753E,1228363.76801677;12332234.4175182,DROP
1982948E,1982948E,1229013.25963079;12332969.8861137,DROP
2175180E,2175180E,1224565.85271882;12331823.8454559,DROP
2380651E,2380651E,1224069.72757803;12331425.3386322,DROP
293485E,293485E,1225951.5196535;12332809.7179882,DROP
4585711E,4585711E,1231230.79169536;12330800.3001382,FLAT
4585713E,4585713E,1231485.00056016;12331002.2229007,FLAT
4585714E,4585714E,1231564.38722612;12330848.957476,FLAT
4585726E,4585726E,1231338.80414631;12330186.9680799,FLAT
4585727E,4585727E,1231416.17187824;12330215.960446,FLAT
4585757E,4585757E,1230917.32394239;12328992.5867065,FLAT
4585762E,4585762E,1231178.33769555;12328611.2382961,FLAT
4585796E,4585796E,1232128.2319991;12329534.7802259,FLAT
4585799E,4585799E,1231614.04196815;12329781.9747323,FLAT
4585879E,4585879E,1229757.79410088;12330633.4719038,FLAT
4585885E,4585885E,1228121.01810982;12330403.0166117,FLAT
4595792E,4595792E,1228950.42444685;12330005.7164631,DROP
4596384E,4596384E,1231846.01418552;12332130.1457926,FLAT
4596388E,4596388E,1232866.76018021;12332451.1891177,FLAT
4596852E,4596852E,1225641.29417965;12330394.6414034,FLAT
4596862E,4596862E,1226285.85327446;12330761.6002194,DROP
4596869E,4596869E,1226284.94598656;12329999.6975743,FLAT
4596876E,4596876E,1226523.20893395;12330791.2252391,FLAT
4596899E,4596899E,1230250.79930985;12329792.1605272,FLAT
4597751E,4597751E,1232602.1349628;12329531.6189351,FLAT
4597779E,4597779E,1229258.45154163;12329286.2820254,FLAT
4597928E,4597928E,1225659.42864769;12328969.7647471,FLAT
4701495E,4701495E,1231355.91532497;12332810.4420168,DROP
484638H,484638H,1229414.90523356;12329870.0171904,DROP
600044H,600044H,1229005.98831428;12330180.3005649,DROP
679992H,679992H,1228906.89650227;12332787.2902671,DROP
770585H,770585H,1230864.74163017;12331715.9535176,DROP
96221H,96221H,1224019.81468285;12331047.0305319,DROP
CONV570320,4560303E,1230376.12602549;12331587.3246686,DROP
CONV570337,1055475E,1232099.19117884;12332453.817586,DROP
CONV573803,431472H,1226875.02253454;12328407.6179788,DROP
1636661E,1636661E,1237127.46499927;12330290.6906794,DROP
1791061E,1791061E,1238611.10252425;12327738.7112113,DROP
2247540E,819908E,1238159.86232778;12330946.1861782,DROP
300823E,300823E,1240122.29113078;12330305.7455862,DROP
417425E,417425E,1238740.35766372;12331220.601361,DROP
4370883E,4370883E,1238402.58727834;12334387.6062537,DROP
4484382E,4121463E,1239318.03600675;12333661.7876913,DROP
4585319E,4585319E,1237233.63753519;12331843.1214561,FLAT
4585406E,4585406E,1238565.16285671;12327512.339242,FLAT
4585407E,4585407E,1238570.42115238;12327378.2875769,FLAT
4585408E,4585408E,1238596.96801199;12327189.9634827,FLAT
4585425E,4585425E,1239586.02846991;12328049.9983691,FLAT
4585426E,4585426E,1239586.71433347;12327872.0104459,FLAT
4585446E,4585446E,1240291.35154699;12327115.9496867,FLAT
4585624E,4585624E,1239667.97773991;12331349.2197355,FLAT
4585801E,4585801E,1238566.41709171;12327089.7985266,FLAT
4585823E,4585823E,1239571.42196542;12327080.3110224,FLAT
4585824E,4585824E,1239575.98759617;12326739.2926757,FLAT
4595995E,4595995E,1237717.44960212;12326218.5168342,FLAT
4596170E,4596170E,1239548.83224736;12332182.6659216,FLAT
4596291E,4596291E,1239321.5119526;12329581.5338797,FLAT
4596296E,4596296E,1239286.49515943;12330313.6136404,FLAT
4596403E,4596403E,1239662.94662512;12330351.7112865,FLAT
4596408E,4596408E,1239617.72846144;12329719.3777256,FLAT
4596440E,4596440E,1240953.32169817;12330469.9181352,FLAT
4596446E,4596446E,1237220.80498343;12330397.1460796,FLAT
4596510E,4596510E,1238960.52094394;12328851.0331763,FLAT
4596646E,4596646E,1239674.61876355;12333710.1437006,FLAT
4596785E,4596785E,1240302.80816938;12328424.6325976,FLAT
4596815E,4596815E,1237300.71243929;12328762.6423816,FLAT
4596844E,4596844E,1237847.10233012;12326500.7989003,FLAT
4596846E,4596846E,1237312.25658577;12326276.7771896,FLAT
4596951E,4596951E,1240895.52494425;12326535.7758885,FLAT
4596993E,4596993E,1240255.59209761;12332944.6824616,FLAT
4618056E,4618056E,1239063.72484392;12334711.967952,FLAT
4618076E,4618076E,1239058.46126399;12334384.0768102,FLAT
4618777E,4618781E,1236764.15838248;12333032.0812961,FLAT
4756311E,4756311E,1238393.35921351;12334210.7056678,DROP
CONV235537,1006599E,1240384.35633877;12334157.8580124,DROP
CONV569915,1612611E,1236582.90773987;12330319.7659326,DROP
1541373E,574393H,1229878.96606188;12324570.5973855,DROP
1713561E,1713561E,1227652.49612349;12325813.1819037,DROP
1714082E,1714082E,1229044.66630247;12325572.1117324,DROP
1714200E,1714200E,1226889.21780335;12324563.4547571,DROP
1761371E,4595600E,1230497.23960501;12325520.4503309,FLAT
2381168E,2381168E,1225804.02947419;12324693.5418365,DROP
2381175E,2381175E,1226319.70752839;12325519.747107,DROP
4255084E,4255084E,1229003.04869478;12324896.2693399,DROP
4431227E,4431227E,1227688.58672996;12325103.1561869,FLAT
4585025E,4585025E,1232667.68109895;12325189.2796116,FLAT
4585034E,4585034E,1234185.38596089;12324769.0003567,FLAT
4585045E,4585045E,1234015.76489219;12324130.8873077,FLAT
4595085E,4595085E,1232485.46235288;12327863.3321675,FLAT
4595087E,4595087E,1232491.82029501;12327506.2930483,FLAT
4595105E,4595105E,1232430.25339395;12326308.2329972,FLAT
4595162E,4595162E,1229789.37439375;12327832.3839773,FLAT
4595277E,4595277E,1225901.43435909;12327696.3866263,FLAT
4595582E,4595582E,1231413.28852277;12326008.3786919,FLAT
4596062E,4596062E,1229089.38026717;12328211.4392927,FLAT
4596096E,4596096E,1231966.58863031;12328176.0402422,FLAT
614154E,4443223E,1231014.86279635;12324572.8346431,DROP
662282E,662283E,1226001.81843032;12324601.9805837,DROP
90484H,90484H,1230747.67897708;12326095.1302075,DROP
968989E,968989E,1230478.89768266;12324262.8372187,DROP
CONV242635,783121E,1225303.37372578;12325715.9356464,DROP
1037448E,1037448E,1236688.17767366;12324803.0713534,FLAT
1767218E,4596028E,1239724.98712569;12324432.6445915,FLAT
4453060E,4453060E,1240879.91842802;12325182.7022138,DROP
4585294E,4585294E,1237958.50617799;12323378.733641,FLAT
4595460E,4595460E,1236325.01146063;12324500.8674275,FLAT
4595464E,4595464E,1236694.22295812;12324499.0283385,FLAT
4595470E,4595470E,1237188.12199781;12324703.0980987,FLAT
4595473E,4595473E,1237459.25395215;12324505.8924855,FLAT
4613599E,163051M,1242143.27299991;12325709.0492096,DROP
711357E,711357E,1241045.02626432;12324371.4928187,DROP
728784E,728784E,1241371.8996869;12325442.1096205,DROP
906484E,906484E,1240898.24857662;12324233.4177151,DROP
CONV569062,4595487E,1237156.08123769;12325107.9497155,FLAT
CONV569122,4596610E,1238789.58416024;12323439.4152583,FLAT
CONV588753,4283896E,1240429.09027692;12323139.6531911,DROP
1550169E,1550169E,1364445.34919343;12239674.0018439,DROP
2023339E,2023339E,1368109.03588853;12236768.8117896,DROP
2023535E,2023535E,1361810.42704338;12237178.6181974,DROP
2061145E,2061145E,1362189.70732504;12238165.8855209,DROP
2061610E,2061610E,1363298.98785066;12239209.235096,DROP
2061786E,2061786E,1368769.25667963;12235025.9660724,DROP
2083036E,2083036E,1366184.71726834;12238713.6181326,DROP
2095934E,2095934E,1366518.19512869;12240181.6035443,DROP
2095938E,2095938E,1366651.41589747;12239723.6709845,DROP
2096185E,2096185E,1366113.2287436;12239769.8317942,DROP
2117244E,2117244E,1365527.53646756;12236090.634875,DROP
2117261E,2117261E,1360756.7414762;12239537.9040563,DROP
2117264E,2117264E,1360216.25254028;12239391.7917097,DROP
2145590E,2145590E,1368984.20424441;12235025.4969123,DROP
2145593E,2145593E,1369191.51872225;12234692.0569803,DROP
2145989E,2145989E,1369312.39261058;12235830.6156393,DROP
2243506E,2243506E,1362625.37492155;12233651.0776586,DROP
2319999E,2319999E,1360857.94364034;12234693.6448361,DROP
2340978E,2340978E,1360863.18042967;12237015.2348611,DROP
2349356E,2349356E,1366043.98854349;12238258.7395879,DROP
4009089E,4009089E,1364416.49919299;12238528.0996843,FLAT
4024621E,4024621E,1365530.12528723;12235163.895861,FLAT
4288614E,4288614E,1365571.76594858;12236056.9591432,DROP
4411986E,4411986E,1365072.6645452;12236372.8084192,DROP
4461138E,4461138E,1360858.14252152;12235697.0574682,DROP
4520866E,4520866E,1368342.99432619;12235338.2747338,N/A
4522736E,4522736E,1368018.34626942;12236123.1733667,N/A
4696980E,4696980E,1360505.83806407;12240243.2960341,DROP
1301838E,1301838E,1328523.18003874;12267640.1022867,DROP
1315486E,1315486E,1330238.40104806;12266842.4398826,DROP
1316023E,1316023E,1328795.59049166;12267290.1166754,DROP
1326756E,1326756E,1326080.85664649;12267629.8251823,DROP
1326922E,1326922E,1328972.61613015;12268834.9864698,DROP
1351161E,1351161E,1330996.5197021;12268777.3199764,DROP
1357246E,1357246E,1331537.58195992;12264847.8727127,DROP
1357247E,1357247E,1331675.26264763;12264833.109004,DROP
1357250E,1357250E,1331911.14494741;12264841.7782096,DROP
1361332E,1361332E,1333243.33439004;12265050.1552868,DROP
1374224E,1374224E,1331732.78197831;12265040.4649763,DROP
1374258E,1374258E,1330636.75339324;12265789.5209438,DROP
1379199E,1379199E,1332180.15863603;12263135.1077532,DROP
1389469E,1389469E,1332849.24282799;12267337.7926564,DROP
1447675E,1447675E,1328578.44577105;12264068.3767552,DROP
1478369E,1478369E,1328327.08726728;12263138.826436,DROP
1494883E,1494883E,1336657.47655433;12262931.8629297,DROP
1535113E,1535113E,1324583.88641593;12265133.8448867,DROP
1590528E,1590528E,1325110.29156445;12264351.7603774,DROP
1590535E,1590535E,1325378.75679991;12264276.6788777,DROP
1613730E,1613730E,1336221.0383491;12267952.5037964,DROP
1642433E,1642433E,1337561.71904932;12262193.0351984,DROP
1643063E,1643063E,1326846.8533886;12265342.8090816,DROP
1677791E,1677791E,1332742.09974693;12264818.6642094,FLAT
1716075E,724808E,1336829.50301198;12262216.2625148,DROP
1838549E,1838549E,1334894.64960804;12263111.333044,DROP
1956214E,1956214E,1335210.0474583;12264880.1221316,DROP
2022901E,2022901E,1334231.57302069;12264840.2039915,DROP
2022903E,2022903E,1334234.53302429;12265411.083448,DROP
2023305E,2023305E,1326418.35874228;12263873.1360408,DROP
2023331E,2023331E,1328043.78071629;12268844.4130086,DROP
2047660E,2047660E,1333252.9171105;12265674.0671627,DROP
2083126E,2083126E,1333368.88840886;12263629.6782506,DROP
2098985E,2098985E,1333298.05456877;12266359.2162392,DROP
2117604E,2117604E,1334707.50464381;12267516.9002328,DROP
2118055E,2118055E,1335410.94591185;12270114.2218828,DROP
2118071E,2118071E,1334253.94622455;12269166.2760062,DROP
2118090E,2118090E,1334626.63199699;12269338.8699074,DROP
2146131E,2146131E,1326840.24459009;12263309.2617281,DROP
2159678E,2159678E,1335216.25958957;12268381.2854746,DROP
2159755E,2159755E,1336196.18194756;12270900.5807763,DROP
2243218E,2243218E,1330689.34499285;12266975.5986821,DROP
2256763E,2256763E,1335673.54939293;12271149.816873,DROP
4008930E,4008930E,1327072.51623457;12264534.6047369,FLAT
4314025E,4314025E,1334214.14481316;12265559.5050512,FLAT
4460571E,1680768E,1336782.61305453;12264885.2572309,DROP
C6389Y,C6389Y,1333255.19287507;12266199.9508315,DROP
CONV481162,1316129E,1330229.2444544;12268701.9124279,DROP
1787821E,1787821E,1316563.8624551;12262724.6799823,DROP
1788690E,1788690E,1323003.33193003;12263712.0070092,FLAT
1880755E,1880755E,1318879.78812196;12264494.640638,DROP
1880756E,1880756E,1319072.85621856;12264619.9782409,DROP
1880764E,1880764E,1318755.88094194;12264202.833263,DROP
1386960E,1386960E,1441886.79464008;12381770.0821395,DROP
1714619E,1714619E,1447155.7895387;12381654.5209537,DROP
2067029E,2067029E,1440807.7433752;12378161.9160376,DROP
1820179E,4292380E,1444869.59653686;12382507.3177332,DROP
4397198E,4397198E,1448008.86525446;12377170.3097318,DROP
4594865E,4594865E,1442907.91511077;12378222.7749738,DROP
737942E,737942E,1445662.39371755;12378981.8798955,DROP
1714729E,1714729E,1439596.24338518;12389786.0589506,DROP
1714739E,1714739E,1438665.8529068;12388890.423897,DROP
1970890E,1970890E,1437970.99299593;12386094.56846,FLAT
1998503E,1998503E,1440495.93512234;12391826.8793391,FLAT
2026870E,2026870E,1437372.74078252;12383884.8173684,DROP
2067267E,2067267E,1438528.07077463;12387574.6381111,DROP
2087598E,2087598E,1437862.54148059;12386786.6517808,FLAT
2092456E,2092456E,1434986.83709136;12387454.4510856,DROP
2092945E,2092945E,1437587.68234196;12388041.9414582,DROP
2092966E,2092966E,1439220.96595847;12387862.7343476,DROP
2108021E,2108021E,1437204.78829074;12390363.8789084,DROP
1273871E,1273871E,1440778.84052273;12383455.9589113,DROP
2108040E,2108040E,1441013.17182498;12390867.5958274,DROP
2158570E,2158570E,1448804.52687809;12386306.8055987,DROP
2158586E,2158586E,1448469.77689047;12385206.5115974,DROP
2174117E,2174117E,1445091.30229683;12387623.5968844,DROP
2306691E,2306691E,1445937.61427941;12386856.7969037,DROP
2374155E,2374155E,1448889.14262955;12389200.4454863,DROP
2374159E,2374159E,1448193.53787018;12389252.6791625,DROP
4195878E,4195878E,1446252.83763135;12386253.9421515,DROP
4195879E,4195879E,1446300.97106129;12386370.4344322,DROP
4207474E,4207474E,1445086.61262851;12390504.001399,DROP
4588829E,4588829E,1446770.64506026;12386483.555145,DROP
905168E,905168E,1448331.54199866;12383187.5554646,DROP
2107918E,2107918E,1440482.78546812;12397044.6970871,DROP
2121222E,2121222E,1440986.95477924;12397890.5907715,FLAT
2158864E,2158864E,1443426.46446027;12394006.1228568,DROP
2158866E,2158866E,1443425.7226004;12393396.9092272,DROP
2174564E,2174564E,1445872.43119828;12396937.3789522,DROP
2237351E,2237351E,1445941.19942094;12399289.8024039,DROP
2262369E,2262369E,1439313.96357948;12393125.4823504,FLAT
2269229E,2269229E,1442909.56853569;12394814.4658515,DROP
2269491E,2269491E,1441402.3268508;12398271.5898477,FLAT
2362277E,2362277E,1440561.7754691;12392788.4426185,FLAT
4120139E,4120139E,1445887.04491582;12393110.8474519,DROP
4383142E,4383142E,1445892.79197813;12392781.6270694,DROP
4383143E,4383143E,1445891.38183849;12392932.5047217,DROP
4475929E,4475929E,1437501.62946011;12398413.5958503,DROP
4172971E,4172971E,1410725.34154524;12333340.1447023,FLAT
4624246E,4624246E,1412722.2576571;12327305.4228779,N/A
4624248E,4624248E,1412406.04430295;12327500.3681402,N/A
1335991E,1335991E,1238856.3114388;12319832.5093332,DROP
1336005E,1336005E,1234208.85812755;12318060.1087022,DROP
1336326E,4469721E,1234157.75531863;12317924.3448723,FLAT
1713347E,1713347E,1234195.1491833;12323392.64374,DROP
1713493E,1713493E,1233145.43777063;12323405.2838648,DROP
1766903E,1766903E,1243099.95751418;12320462.284516,DROP
1791571E,4179116E,1240804.14412135;12320685.0919698,FLAT
1836195E,4470287E,1235027.39728387;12317878.4958921,FLAT
2247604E,2247604E,1239990.94247808;12317814.0202834,DROP
2247705E,2247705E,1237965.55033236;12317302.3980915,DROP
2247756E,2247756E,1233147.82957568;12323820.2025553,DROP
4087093E,4087093E,1238481.27390173;12318440.5569554,DROP
4258290E,4258290E,1241000.60665428;12320491.5639228,DROP
4416182E,4416182E,1235538.06092629;12321936.3660749,FLAT
4489120E,4815044E,1242800.82285574;12317755.5208495,DROP
4584335E,4584335E,1237503.86679877;12320093.0494236,FLAT
4584960E,4584960E,1234647.06555095;12317919.3621541,FLAT
4584996E,4560892E,1235445.90160971;12318767.9511605,FLAT
4585212E,4585212E,1237837.41656902;12321555.70787,FLAT
4585248E,4585248E,1237217.56641221;12322282.0052198,FLAT
4596230E,4596230E,1236619.90857823;12321242.3929053,FLAT
4596691E,4596691E,1234886.50197829;12320886.963019,FLAT
4717363E,4717363E,1238560.37418536;12319834.3526874,DROP
4756939E,4756939E,1242067.97549267;12317760.0436494,DROP
601736H,601736H,1239790.93761724;12320659.2603815,DROP
701816E,701816E,1240983.2262095;12321385.6753455,DROP
968829E,968829E,1242657.78342073;12319290.1834226,DROP
CONV568771,CONV568771,1238287.45295088;12319837.8990006,DROP
CONV568772,CONV568772,1238424.4249464;12319837.1200889,DROP
CONV568776,CONV568776,1239097.29345752;12319833.377641,DROP
CONV568777,CONV568777,1238974.30277723;12319832.9751807,DROP
CONV568778,1335960E,1239347.27301053;12319834.1285387,DROP
CONV568779,1335959E,1239494.34644951;12319841.2178266,DROP
CONV568780,CONV568780,1239513.16460735;12320003.2814859,DROP
CONV569149,603696E,1240045.86486498;12322973.0364784,DROP
X12396E,X12396E,1241309.30539883;12320471.5540541,DROP
4145156E,4145156E,1274302.52736845;12588091.3574838,DROP
4145161E,4145161E,1274952.86108499;12588075.8959406,DROP
4203783E,4203783E,1275247.73842553;12588487.2668858,DROP
4203794E,4203794E,1274740.51977449;12589081.1572476,DROP
4483803E,4483803E,1277438.67101716;12600675.6910572,DROP
4576697E,4576697E,1276686.57671706;12593990.8618129,DROP
4587919E,4587919E,1274062.18558131;12587945.7830053,DROP
4599333E,4599333E,1275303.35425389;12590889.5845697,DROP
4638403E,4638403E,1276005.95520427;12593983.7744119,DROP
4688075E,4688075E,1277350.15512692;12601302.72152,DROP
4688076E,4688076E,1277488.37571734;12601301.8106708,DROP
4688091E,4688091E,1278579.14707158;12600705.5000002,DROP
4688094E,4688094E,1278092.87262198;12600983.5817487,DROP
1897148E,1897148E,1281266.68553237;12587161.1159125,DROP
1898252E,1898252E,1279364.05595016;12586693.6140509,DROP
1938325E,1938325E,1281208.56339397;12585486.9776976,DROP
2014880E,2014880E,1283820.11844707;12587494.118854,DROP
2208237E,2208237E,1282826.84931767;12585527.7463306,DROP
2208635E,2208635E,1284622.85385863;12585672.9088966,DROP
2238314E,2238314E,1279316.27904933;12590410.5057956,DROP
2259654E,2259654E,1282024.29848012;12587387.6994261,DROP
2293950E,2293950E,1284659.91158422;12585840.3829485,DROP
2294133E,2294133E,1284679.96291754;12584573.9816343,DROP
2305631E,2305631E,1279447.76270076;12586166.5088514,DROP
2365235E,2365235E,1279332.44949538;12591758.6449588,DROP
2383232E,2383232E,1284659.06363591;12587202.4094689,DROP
4011640E,4011640E,1281834.33234261;12590593.3762508,DROP
4011641E,4011641E,1281949.63590266;12590593.9258478,DROP
4011646E,4011646E,1281793.77208738;12590187.3020046,DROP
4011710E,4011710E,1279918.48649155;12585342.4348427,DROP
4040384E,4040384E,1281179.52018787;12585296.6097856,DROP
4084212E,4084212E,1284668.78705728;12587917.9390339,DROP
4089567E,4089567E,1281503.41046829;12591350.1054812,DROP
4231732E,4231732E,1282558.59044638;12589267.9154288,DROP
4515607E,4515607E,1278189.14215148;12593123.1786326,DROP
4608924E,4608924E,1283096.6650031;12589585.4703475,DROP
4628648E,4628648E,1282607.52747317;12584612.0160711,DROP
4670466E,4670466E,1280179.73268445;12592563.3980326,DROP
K10513Y,K10513Y,1283262.10864738;12585143.5191269,DROP
1128372E,1128372E,1346920.71950494;12336945.6866139,DROP
1303891E,1303891E,1343243.08897143;12339832.9940841,DROP
1890344E,1890344E,1343304.20071666;12337769.6209934,DROP
1890351E,1890351E,1342952.71626294;12338034.1457522,DROP
1891148E,1891148E,1345379.26319779;12336655.8244979,DROP
1917910E,1917910E,1339737.51668057;12339470.1666501,DROP
2209814E,2209814E,1346248.50044022;12339988.8100167,DROP
2209820E,2209820E,1345865.57000407;12339450.9107242,DROP
2314756E,2314756E,1341524.79294202;12341165.1063892,DROP
4082456E,4082456E,1345635.77107318;12335875.9500077,DROP
4098344E,4098344E,1341143.16703749;12339345.4462049,DROP
4374678E,4374678E,1337001.06402428;12343519.2881965,N/A
1418333E,1418333E,1385686.91175847;12335230.6305273,DROP
1507856E,1507856E,1383791.8396782;12332861.4248385,DROP
2126307E,2126307E,1386288.40167967;12332684.451222,DROP
2209756E,2209756E,1383612.23388429;12330995.8784955,DROP
2213314E,2213314E,1385842.97818884;12330486.1833173,DROP
2219613E,2219613E,1382683.11174264;12338714.4908119,DROP
2220683E,2220683E,1383751.22776703;12334074.2001869,DROP
2220687E,2220693E,1384058.75088147;12334332.9931864,DROP
2336128E,2336128E,1381618.3202495;12337797.5812025,DROP
4007084E,4007084E,1382665.03198844;12335723.2765882,DROP
4022010E,4022010E,1381232.6487256;12336333.2553903,DROP
4022011E,4022011E,1381228.32677521;12336460.7593358,DROP
4022012E,4022012E,1381220.8742411;12336575.2993459,DROP
4031124E,4031124E,1382089.13053925;12336801.5560875,DROP
4115808E,4115808E,1382697.72500076;12332772.1103128,DROP
4133577E,4133577E,1386611.77117132;12334744.1234399,DROP
4511424E,4511424E,1381728.75622659;12334878.7465979,N/A
4526644E,4526644E,1382711.81472537;12333633.5264725,FLAT
CONV597224,CONV597224,1385017.09489279;12338346.0370751,DROP
1627416E,1627416E,1390846.52472551;12339481.0455812,DROP
1654631E,1654631E,1387119.57824099;12338841.8044887,DROP
1862556E,1862556E,1389304.6849366;12340880.8175877,DROP
2297971E,2297971E,1389363.32901177;12341591.0825529,DROP
2354344E,2354344E,1390903.60180736;12345696.7864756,DROP
4022052E,4022052E,1386383.53518714;12342307.3525158,DROP
4022061E,4022061E,1386213.06608942;12341780.6623949,DROP
4022075E,4022075E,1386465.80277159;12343078.0324579,DROP
4022081E,4022081E,1386846.39402918;12343454.5721357,DROP
4022093E,4022093E,1388190.39623553;12344289.4076701,DROP
4031161E,4031161E,1387626.96476024;12344044.2868942,DROP
4031259E,4031259E,1389161.59363116;12344268.654209,DROP
4031355E,4031355E,1386482.35550192;12342402.0469837,DROP
4031359E,4031359E,1387017.21756898;12342977.2542269,DROP
4046753E,4046753E,1390394.19859713;12339070.2943575,DROP
4046759E,4046759E,1390986.42236802;12339562.9183681,DROP
4511467E,4154110E,1387469.19693148;12344042.6895782,DROP
4626903E,4626903E,1390943.43555206;12345806.0662647,FLAT
4626907E,4626907E,1391338.09720379;12346309.7256788,DROP
4743764E,4743764E,1390260.30432996;12338965.6734661,DROP
4755928E,4755928E,1388015.32509911;12343652.984037,DROP
4756187E,4756187E,1386809.8660356;12342775.3295991,DROP
4931160E,4931160E,1387762.46217885;12344066.209509,DROP
,4022061,1386081.09960054;12341594.726935,DROP
1647086E,1647086E,1126795.3473217;12406716.2450563,DROP
1754127E,1754127E,1138067.43721112;12416283.2807514,DROP
1754517E,1754517E,1137787.78345871;12417289.3019192,DROP
2145157E,2145157E,1128078.65804384;12406615.9151609,DROP
2241432E,2241432E,1139519.83740822;12418035.1061863,DROP
4108765E,4108765E,1131786.05014509;12406170.5561637,DROP
4124939E,4124939E,1131891.31463337;12405063.8981977,DROP
4124975E,4124975E,1128898.4956506;12406120.6637866,DROP
4124979E,4124979E,1129027.47940286;12406490.1367509,DROP
4125033E,4125033E,1131472.40170383;12406931.3296573,DROP
4125046E,4125046E,1131251.31986356;12407550.9554565,DROP
4376351E,4376351E,1126807.21335929;12405626.2327553,DROP
1905807E,1905807E,1121569.54130529;12399595.4501481,DROP
1976908E,1976908E,1119995.37517257;12395451.9901726,DROP
2170284E,2170284E,1122462.07614372;12398459.9147993,DROP
4047781E,4047781E,1123524.88879244;12398048.942142,DROP
4081045E,4081045E,1124060.54921216;12394442.7234874,DROP
4093609E,4093609E,1123258.74194571;12394800.9902524,DROP
4093970E,4093970E,1124007.00166332;12396714.1341309,DROP
4096882E,4096882E,1120404.65680572;12395392.0803734,DROP
4415398E,4415398E,1125957.65935805;12399575.6239339,N/A
2037835E,2037835E,1107778.89484643;12398550.9144222,DROP
2102132E,2102132E,1108619.85115145;12395583.3493153,DROP
2145254E,2145254E,1109023.45336348;12406594.924478,DROP
2171924E,2171924E,1109838.35909013;12404984.8405778,DROP
2197311E,2197311E,1109291.30057616;12404906.7562417,DROP
2197426E,2197426E,1115455.01481404;12398385.0103095,DROP
2210076E,2210076E,1105584.73243187;12408058.6254166,DROP
2239866E,2239866E,1108106.85093799;12407450.540356,DROP
2240699E,2240699E,1108259.67823568;12408115.8006436,DROP
3002190E,3002190E,1104822.4546106;12407700.9291299,DROP
3004297E,3004297E,1104516.01311927;12404103.4096797,DROP
4125605E,4125605E,1109360.4597181;12400281.3745328,DROP
4554701E,4554701E,1110878.49040292;12402087.0702349,DROP
4733031E,4733031E,1111356.62498182;12400244.0175634,DROP
1647604E,1647604E,1099859.8607428;12401549.4651795,N/A
1955998E,1955998E,1099457.77681994;12402747.7624581,N/A
2055046E,2055046E,1099466.78405772;12406288.5322342,N/A
2170118E,2170118E,1099316.32787043;12404285.3352358,N/A
2189220E,2189220E,1101176.98947283;12402124.6139159,DROP
2189493E,2189493E,1093967.50212755;12403700.4138874,DROP
2197348E,2197348E,1098276.38102944;12406224.4138984,DROP
2214260E,2214260E,1101425.23089734;12402185.4221772,DROP
2239741E,2239741E,1101807.52169939;12403022.6167942,DROP
4080771E,4080771E,1098794.71129428;12404049.874771,DROP
4080772E,4080772E,1098818.77225739;12404077.1219123,DROP
4377105E,4377105E,1095596.05250406;12403118.4820994,DROP
4377134E,4377134E,1097332.5870946;12401827.9853646,DROP
4461750E,4461750E,1100999.56446351;12404098.5494392,DROP
4723345E,4723345E,1099862.93993429;12405729.5728416,N/A
4724076E,4724076E,1099891.87258336;12405388.3326125,N/A
1007338E,1007338E,1230432.06642469;12336735.0037787,DROP
1336285E,1336285E,1227671.22497268;12333955.2280636,DROP
1378530E,1378530E,1221364.84001519;12337947.8160507,DROP
1674076E,1674076E,1223576.7425957;12338266.0098212,DROP
1701567E,1701567E,1230015.44600402;12335453.5683274,FLAT
1767628E,1767628E,1227518.47085968;12335971.9882367,DROP
1836580E,1836580E,1228309.18359063;12335264.7825789,DROP
1892742E,1892742E,1228410.82776217;12333623.6462397,DROP
2083720E,2083720E,1227525.81529465;12334230.0875934,DROP
2144286E,2144286E,1225176.71068659;12334355.6255575,DROP
2244462E,2244462E,1226685.26717744;12337563.647912,DROP
2244466E,2244466E,1232080.29051324;12336997.5346178,DROP
234157E,234157E,1231273.54592512;12335626.1875419,DROP
4027134E,4027134E,1231148.68758787;12335789.7918613,DROP
4179030E,4179030E,1234049.40736568;12336639.9610982,DROP
4584445E,4584445E,1227283.49310068;12334895.1661356,FLAT
4587179E,4587179E,1227098.49217155;12336431.399774,FLAT
4618233E,4618233E,1228090.40643011;12334741.6876744,FLAT
4618236E,4618236E,1227909.5194329;12335363.969964,FLAT
4618241E,4618241E,1227891.81198297;12336155.1129181,FLAT
4618256E,4618256E,1225959.61184959;12336738.1778814,FLAT
4618384E,4618384E,1226107.11148193;12334317.5273542,FLAT
4618396E,4618396E,1227088.79231776;12335531.625082,FLAT
4618611E,4618611E,1233063.73256134;12336117.8419241,FLAT
4618633E,4618633E,1231850.91303178;12336274.6014942,DROP
4619463E,4619463E,1229162.39706597;12338594.3096416,FLAT
4634069E,4634069E,1235774.57842475;12338129.3419514,DROP
4634176E,4634176E,1233427.27290426;12338468.8375902,FLAT
4648156E,4648156E,1232979.05838048;12337525.7804113,FLAT
4648165E,4648165E,1232387.01857868;12337712.4292399,FLAT
4648168E,4648168E,1232561.23068552;12338150.1419765,FLAT
587392E,587392E,1228863.77228971;12337544.314083,DROP
CONV569581,851876E,1221425.29339747;12337368.0882466,DROP
CONV569831,CONV569831,1231943.80814744;12336959.3119684,DROP
CONV570112,1479888E,1223694.36043369;12337545.5545588,DROP
CONV570664,871722E,1235160.36522312;12337331.3920398,DROP
1204825E,1204825E,1227624.63830071;12330372.2386411,DROP
1265831E,1265831E,1223484.31284497;12330004.1053411,DROP
1495924E,1495924E,1227182.91071312;12332465.7448679,DROP
1495974E,1495974E,1227013.0921508;12331863.0204947,DROP
1560506E,1560506E,1227625.30632167;12330731.1876452,DROP
1700075E,1700075E,1227688.86859571;12333159.0867955,DROP
1767102E,1767102E,1226968.13914863;12329635.8565576,DROP
1791277E,1791277E,1226189.97782351;12329386.0004015,DROP
1791484E,1791484E,1223528.66393613;12329877.5427892,DROP
2027710E,2027710E,1225660.80167182;12331290.6691867,DROP
2083853E,2083853E,1226971.90419554;12331540.5940447,DROP
2364521E,2364521E,1232774.1521139;12330457.2741669,DROP
299020E,299020E,1228977.22615596;12332659.391492,DROP
4336657E,4336657E,1233026.32181366;12332779.7215413,DROP
4375011E,4375011E,1232827.85321588;12329917.3521847,FLAT
4385570E,4385570E,1231293.55928743;12331167.4437468,FLAT
440870E,440870E,1226546.45742173;12328733.4394991,DROP
455681E,455681E,1231892.38250868;12328928.917873,DROP
4585717E,4585717E,1231726.51327422;12331244.8042064,FLAT
4585878E,4585878E,1230057.78969405;12330943.5381231,FLAT
4585889E,4585889E,1228446.58956124;12330375.5498166,FLAT
4585892E,4585892E,1227651.21259021;12330108.9202174,DROP
4585899E,4585899E,1228708.54074728;12330374.1460799,FLAT
4595725E,4595725E,1228293.18812134;12329112.6873398,FLAT
4596393E,4596393E,1232142.20586634;12332378.2664725,FLAT
4597797E,4597797E,1229717.40382738;12329834.0891194,FLAT
4597905E,4597905E,1224101.3141113;12329542.9283321,FLAT
4597923E,4597923E,1227523.81713352;12329923.5975771,FLAT
4597949E,4597949E,1226967.22390012;12329103.9262777,FLAT
4618103E,4618103E,1226630.01809912;12332776.9005251,FLAT
4624550E,646612E,1227663.02278438;12331555.6050117,DROP
490252H,490252H,1227619.13578599;12331410.1928097,DROP
662297E,662297E,1223502.16800456;12329223.9578591,DROP
933057E,1297868E,1229175.57025436;12333379.7283047,FLAT
CONV032825,CONV032825,1225723.27234112;12332788.6903895,DROP
CONV569225,513326H,1223994.1805233;12328613.6291315,DROP
CONV569313,CONV569313,1227430.95900533;12328702.9430697,DROP
CONV570307,679996H,1228393.89940388;12332782.9617274,DROP
CONV574024,122246M,1224344.75010041;12331198.7875463,DROP
CONV591139,868734E,1224069.7462569;12330811.4074017,DROP
X12340E,X12340E,1231312.37442395;12330461.2791966,DROP
1612465E,1612465E,1240797.05859535;12329679.0496953,DROP
178409E,178409E,1238323.91930283;12331874.9377253,DROP
330028E,330028E,1239829.54083163;12330860.4825927,DROP
330030E,330030E,1239496.68995951;12330868.8120592,DROP
4471708E,4471708E,1240856.96843967;12332359.6308278,FLAT
455599E,455599E,1238501.67205107;12330346.8133715,DROP
4585305E,4585305E,1238004.78241933;12331400.1464362,FLAT
4585310E,4585310E,1237575.9723268;12331410.720725,FLAT
4585321E,4585321E,1237543.35816461;12332055.0672176,FLAT
4585836E,4585836E,1240225.54979174;12327010.5158916,FLAT
4596182E,4596182E,1238513.68964734;12331628.4996805,FLAT
4596188E,4596188E,1239317.31388018;12331607.0515373,FLAT
4596441E,4596441E,1240949.98381207;12330289.983729,FLAT
520610E,520610E,1238968.26521126;12331215.6382299,DROP
708166H,708166H,1239719.29004971;12333377.6056533,DROP
CONV235410,4585599E,1239516.74783936;12332411.3591659,FLAT
1195310E,1195310E,1227305.43492734;12325431.0460992,DROP
1195331E,1195331E,1226073.49940845;12327655.7073883,DROP
1423411E,1423411E,1231740.77085245;12324187.4471314,DROP
1541371E,1541371E,1229635.56737992;12324537.7641938,DROP
1714064E,1714064E,1228058.29716776;12325734.127269,DROP
185253E,185253E,1230969.83705522;12324570.4197444,FLAT
1892924E,1892924E,1226329.51490509;12325310.1957442,DROP
3247904E,3247904E,1235618.18929099;12324793.9774114,DROP
4087113E,4087113E,1225295.26901717;12325631.0504326,DROP
4121279E,4121279E,1226343.1894673;12324556.5510592,DROP
4192652E,4192652E,1234191.74592186;12325399.4056831,DROP
4471074E,4471074E,1234196.07403687;12325633.2761296,DROP
4595106E,4595106E,1232747.4011979;12326307.0518738,FLAT
4595567E,4595567E,1228712.74294017;12326409.3268056,FLAT
4595599E,4585026E,1232843.6049549;12325184.9942215,FLAT
4595979E,4595979E,1231471.00084535;12325510.7973134,FLAT
4656886E,4656886E,1235628.80292011;12325379.7685005,FLAT
4705947E,4705947E,1230391.90871463;12324262.9658199,DROP
CONV569788,CONV569788,1234241.15311478;12325470.7948332,DROP
CONV570984,4178859E,1226968.5406249;12325820.2821618,DROP
CONV591087,1767705E,1231294.31757064;12326072.0270273,DROP
,1541365E,1228623.09186226;12324556.4929397,DROP
1037450E,1037450E,1236686.70961153;12325075.7538475,FLAT
1085580E,1085580E,1237705.69060567;12325313.7810764,FLAT
4418513E,4418513E,1239825.29425741;12323115.9275612,FLAT
4419284E,4419284E,1242229.28490046;12325710.9305282,DROP
4595457E,4595457E,1235779.85020339;12324506.834551,FLAT
4595458E,4595458E,1235963.34280249;12324509.1471803,FLAT
4595459E,4595459E,1236126.31210161;12324500.411351,FLAT
728760E,728760E,1242095.57664637;12324962.7629754,DROP
906483E,906483E,1240898.16753532;12323996.4493543,DROP
998413E,998413E,1240728.28013851;12323772.6863302,DROP
998457E,998457E,1238330.3530025;12324062.8181248,DROP
CONV569107,998459E,1238337.06710056;12324271.7041994,DROP
1912085E,1912085E,1364352.59660491;12239783.3140484,DROP
1912086E,1912086E,1364259.85856149;12239749.6637061,DROP
1912087E,1912087E,1364133.67695721;12239779.76122,DROP
2023381E,2023381E,1361408.34463499;12238288.9642019,DROP
2023427E,2023427E,1365454.28084271;12238291.9662838,DROP
2023477E,2023477E,1361285.26483657;12234871.9116591,DROP
2061458E,2061458E,1363266.92662135;12238293.9461738,DROP
2083158E,2083158E,1367202.25143855;12240148.4749912,DROP
2083184E,2083184E,1363471.56552229;12235459.1814568,DROP
2095935E,2095935E,1366676.89578971;12240217.7206597,DROP
2095946E,2095946E,1362942.25383952;12238817.8964684,DROP
2096476E,2096476E,1364403.59991643;12234295.1123281,DROP
2146027E,2146027E,1360970.90048551;12239702.266055,DROP
2146108E,2146108E,1360215.22068686;12237736.4426605,DROP
2159329E,2159329E,1362584.98590822;12235150.9589451,DROP
2159330E,2159330E,1362680.69541743;12235469.5572895,DROP
2194264E,2194264E,1359567.61291957;12237141.9943366,DROP
2256819E,2256819E,1363300.21329151;12235093.0605286,DROP
2286013E,2286013E,1364471.05216871;12239996.1006711,DROP
2340973E,2340973E,1360853.02616332;12238162.8655464,DROP
2340977E,2340977E,1360853.6562306;12237316.4571429,DROP
2340985E,2340985E,1360865.12544624;12236741.3211298,DROP
4024163E,4024163E,1360816.89605787;12238400.9161981,FLAT
4024175E,4024175E,1360825.15938245;12239677.9472381,DROP
4024681E,4024681E,1360826.57701231;12237382.8791756,DROP
4110748E,4110748E,1367266.42257819;12234214.4931122,DROP
4247822E,4247822E,1363979.75491908;12239774.6679514,DROP
4288320E,4288320E,1364411.66289785;12234567.0982939,DROP
4461134E,4461134E,1361512.50109316;12235821.1608948,DROP
4461135E,4461135E,1361370.58804005;12235814.1528891,DROP
4461136E,4461136E,1361222.62395225;12235814.1013533,DROP
4469950E,4469950E,1367545.07770761;12235078.7087166,DROP
4473298E,4473298E,1361828.514579;12234876.8302932,DROP
4473307E,4473307E,1362943.64099837;12238965.5523059,FLAT
4522253E,4522253E,1368969.58497744;12235695.7078321,N/A
4619887E,4619887E,1363185.08287776;12239798.0759384,DROP
4696978E,4696978E,1360626.93979449;12240180.8313455,DROP
4696979E,4696979E,1360703.60814645;12240209.4137275,DROP
CONV478330,2061917E,1367570.31218843;12237830.4618982,DROP
1234408E,1234408E,1336254.72286717;12263193.9448073,DROP
1288464E,1288464E,1329143.40573822;12267586.5048322,DROP
1288469E,1288469E,1330251.49476733;12267541.6101072,DROP
1288470E,1288470E,1330432.06861974;12267550.3786092,DROP
1301930E,1301930E,1332416.99050793;12267529.6863059,DROP
1301935E,1301935E,1331352.04259773;12267577.0180909,DROP
1315304E,1315304E,1332114.1264579;12264837.2162592,FLAT
1316007E,1316007E,1329703.26658488;12266738.6782172,DROP
1326165E,1326165E,1326918.95991466;12267656.2378152,DROP
1326197E,1326197E,1329681.14678431;12267604.3066796,DROP
1326198E,1326198E,1329456.10035084;12267618.7083453,DROP
1326225E,1326225E,1333306.56535393;12268264.7956762,DROP
1326827E,1326827E,1325199.99059346;12268348.4166496,DROP
1350886E,1350886E,1336244.64307114;12265465.2999359,DROP
1351189E,1351189E,1330689.4153971;12268858.847572,DROP
1351268E,1351268E,1332490.11156681;12267596.2227599,DROP
1351288E,1351288E,1331516.64763232;12267575.4113754,DROP
1360368E,1360368E,1330663.98880205;12265472.7918339,DROP
1360369E,1360369E,1330668.60669404;12265667.7750462,DROP
1361335E,1361335E,1333237.86410953;12264693.206814,DROP
1378933E,1378933E,1334558.67576927;12264814.5293575,DROP
1378934E,1378934E,1334725.56090213;12264824.7073877,DROP
1379196E,1379196E,1332579.85037413;12263305.8952327,DROP
1419411E,1419411E,1330536.72116565;12264102.232348,DROP
1436807E,1436807E,1328369.53389039;12266182.3764457,DROP
1445479E,1445479E,1334903.75927542;12264649.0118383,DROP
1445480E,1445480E,1334906.63452527;12264807.9937627,DROP
1447687E,1447687E,1328856.80215913;12264573.2240839,DROP
1511242E,1511242E,1326511.62099009;12265528.3890884,DROP
1590502E,1590502E,1324543.36710202;12264925.6084624,DROP
1590527E,1590527E,1324973.2002536;12264227.822316,DROP
1643078E,1643078E,1325500.94505113;12264104.5858613,DROP
1956213E,1956213E,1335426.92281758;12264889.6559768,DROP
2023305E,2023305E,1326418.35874228;12263873.1360408,DROP
2061321E,2061321E,1333231.60410805;12264165.2941636,DROP
2061748E,2061748E,1334147.50157572;12264429.7116791,DROP
2061750E,2061750E,1334184.45210613;12264153.043268,DROP
2099300E,2099300E,1335683.35103892;12267503.8117155,DROP
2117601E,2117601E,1335503.41217399;12267501.5390306,DROP
2117603E,2117603E,1335141.36162478;12267521.9712784,DROP
2118080E,2118080E,1334841.70365531;12268190.6808098,DROP
2118091E,2118091E,1334621.60735536;12269483.7963572,DROP
2118093E,2118093E,1334619.99034393;12269853.6899004,DROP
2159754E,2159754E,1336193.46376603;12271284.4622721,DROP
2267265E,4520770E,1336231.30746953;12269327.2286796,DROP
4008930E,4008930E,1327072.51623457;12264534.6047369,DROP
4024769E,4024769E,1335322.41788499;12267507.2575996,DROP
4313759E,4313759E,1328033.95126801;12267689.6291996,FLAT
4474499E,4474499E,1337141.30652065;12262228.9121065,DROP
GT42714,GT42714,1334771.89962063;12263080.4720542,DROP
1787824E,1787824E,1317255.00489003;12263105.4769286,DROP
1880759E,1880759E,1318465.64853949;12264245.7713818,DROP
4417790E,4417790E,1319473.12078066;12264892.9467446,FLAT
1047713E,1047713E,1445870.94684698;12380059.9913323,N/A
1257544E,1257544E,1445887.77519726;12379433.5296463,N/A
1299127E,1299127E,1440983.33252306;12376296.7306077,DROP
1580261E,1580261E,1445177.27877968;12379468.3143101,DROP
1794737E,1794737E,1445705.05134089;12380877.9061501,DROP
1886431E,1886431E,1446304.93788584;12378751.6215377,N/A
2108578E,2108578E,1440775.48180055;12380572.5307756,DROP
2306110E,2306110E,1445214.26264738;12382306.3192936,DROP
4067746E,4067746E,1448069.41088429;12379627.1683118,DROP
4140199E,4140199E,1447567.50083536;12378207.5173657,DROP
4195732E,4195732E,1444361.73225822;12379180.6305597,N/A
4227611E,4227611E,1443329.46502129;12376544.1980489,N/A
4246804E,4246804E,1444317.70984305;12378364.3032278,N/A
4246821E,4246821E,1443987.6950861;12378759.4349803,N/A
4300957E,4300957E,1443382.64736571;12378005.3825045,N/A
4300962E,4300962E,1443342.85855159;12378305.5506475,N/A
4300963E,4300963E,1443384.79391713;12378458.8151917,N/A
4300966E,4300965E,1443384.73077141;12378842.9093325,N/A
4300970E,4300969E,1443389.16008568;12379192.4732312,N/A
4300974E,4300973E,1443380.61246931;12379433.6195035,N/A
4300975E,4300975E,1443389.57442557;12379616.2098332,N/A
4300976E,4300976E,1443341.57731114;12379595.7103082,N/A
4300978E,4300978E,1443344.79314049;12379754.150208,N/A
4300983E,4300983E,1443387.03518855;12380473.2771424,N/A
4300983E,4300983E,1443387.03518855;12380473.2771424,N/A
4300985E,4300985E,1443383.41470731;12380640.5725074,N/A
4300994E,4300994E,1443344.50081058;12381632.4387003,N/A
4308937E,4308937E,1445835.45200997;12379485.1768364,N/A
4364754E,4364754E,1444938.1005846;12382514.363293,N/A
4392533E,4392533E,1447696.41539148;12377115.4016648,DROP
4429627E,4429627E,1442018.57442556;12382568.5745603,N/A
4429647E,4429647E,1444859.06812009;12382550.366231,N/A
4429647E,4429647E,1444859.06812009;12382550.366231,N/A
4535662E,4535662E,1446486.18385625;12378785.833636,N/A
4750157E,4723744E,1447688.9942331;12378596.2040617,DROP
4769129E,4769129E,1445887.553376;12379713.876142,N/A
748959E,748959E,1447877.04845214;12377918.8570765,N/A
H3996Y,H3996Y,1448151.1995455;12378409.1090765,DROP
1483188E,1483188E,1440453.91394042;12391829.5642421,N/A
1566656E,1566656E,1438498.62315322;12389844.99802,DROP
1566658E,1566658E,1438492.42973146;12390307.7430776,DROP
1566659E,1566659E,1438534.3961699;12390484.2028673,DROP
1580273E,1580273E,1440130.11487973;12390784.5909478,DROP
1668702E,1668702E,1440494.13270447;12389484.0838745,DROP
1714759E,1714759E,1439143.47094753;12383227.2107652,DROP
1733961E,1733961E,1440471.74310936;12385137.2092692,FLAT
1864503E,1864503E,1440489.03807699;12390022.4589343,FLAT
1864537E,1864537E,1439006.16568461;12391791.2586583,DROP
1954974E,1954974E,1440144.74062943;12386527.3282197,DROP
2027036E,2027036E,1440430.74342438;12387596.8948089,DROP
2064783E,2064783E,1437582.57891857;12387660.3515305,DROP
2092458E,2092458E,1435008.73047912;12387751.8894562,DROP
2092850E,2092850E,1435319.78623258;12387347.2138285,DROP
2102797E,2102797E,1438213.56346151;12390895.5469695,DROP
2108258E,2108258E,1436390.13431257;12390030.5302882,DROP
2121133E,2121133E,1435671.75981887;12384717.5739933,DROP
2132939E,2132939E,1437621.17878716;12386248.0882932,FLAT
2153190E,2153190E,1435254.81807225;12391061.7604266,DROP
2159118E,2159118E,1437604.86063241;12391182.7017949,DROP
2306808E,2306808E,1434753.23829369;12387327.0086447,DROP
2312664E,2312664E,1436903.40489605;12391943.5427312,FLAT
2312665E,2312665E,1436600.07674455;12391965.4422937,FLAT
4394441E,4394441E,1434193.20357134;12391196.3267461,DROP
4550286E,4550286E,1438317.99899305;12387883.7057355,DROP
4703216E,4703216E,1433940.08007694;12389247.6323885,FLAT
,1483189E,1440454.13274309;12392016.2173304,DROP
1137766E,1137766E,1442016.16499475;12386873.4894594,DROP
1240652E,1240652E,1442858.57418562;12388271.9062738,DROP
1499520E,1499520E,1445539.01409849;12385032.3278682,DROP
2158962E,2158962E,1444016.10701855;12392005.5294422,DROP
2262846E,2262846E,1447644.17416556;12387839.9695797,DROP
2262847E,2262847E,1447416.72795498;12387844.5222781,DROP
2346082E,2346082E,1443421.72327677;12388378.7074548,DROP
4067744E,4067744E,1445504.52061525;12382747.3338755,DROP
4195926E,4195926E,1448692.7788447;12382872.2199047,DROP
4246933E,4246933E,1446295.76510378;12384217.1130651,DROP
4260347E,4260347E,1445996.54723003;12383451.7940824,DROP
4292682E,4292682E,1442970.60859288;12387233.8287698,DROP
4292688E,4292688E,1446344.57473899;12389826.1165602,DROP
4463786E,4463786E,1443369.01260633;12387016.7491169,N/A
4554667E,4554667E,1446349.86828242;12389765.5174754,DROP
4655769E,1566768E,1444204.23394735;12389327.4014895,DROP
788213E,788213E,1448544.2631432;12382900.2853164,DROP
905166E,905166E,1448560.89230743;12383187.4468605,DROP
1190322E,1190322E,1441639.05930603;12399229.8363904,FLAT
1922283E,1922283E,1445485.47103976;12398374.5951328,DROP
2087792E,2087792E,1441025.91604413;12395618.8658137,FLAT
2102858E,2102858E,1443391.85032109;12394575.8571635,DROP
2102866E,2102866E,1444743.10260072;12394386.9333189,DROP
2120294E,2120294E,1445237.17203213;12399594.1907352,DROP
2120295E,2120295E,1445039.41172107;12399827.363409,DROP
2120607E,2120607E,1440308.03122426;12393861.4275554,FLAT
2121218E,2121218E,1442142.91270397;12393485.2930304,DROP
2152919E,2152919E,1444866.59976103;12400059.4302746,N/A
2158861E,2158861E,1443947.69411939;12393193.1494302,DROP
2174596E,2174596E,1438801.97200128;12396628.4328867,DROP
2236205E,2236205E,1438087.75888068;12393611.4551771,DROP
2237192E,2237192E,1436594.86167822;12395666.0270338,DROP
2269486E,2269486E,1441849.86325705;12397912.8829266,FLAT
2362281E,2362281E,1440867.87159127;12393093.9915353,DROP
4018901E,4018901E,1436456.75902134;12396057.9400959,DROP
4042801E,4042801E,1437444.15109186;12397613.2299216,DROP
4123557E,4123557E,1445304.50811848;12394906.146913,DROP
4132878E,4132878E,1445738.71594008;12395789.1448374,DROP
4302900E,4302900E,1445911.26384372;12399076.3111432,DROP
4604766E,4604766E,1445094.71804412;12394388.5998293,DROP
4606767E,4606767E,1445384.31782177;12394383.7064023,DROP
639328E,639328E,1442314.12985234;12399243.8162288,FLAT
779583E,779583E,1441678.52646098;12400219.8170525,FLAT
1683427E,1683427E,1409824.01017427;12328605.3899229,FLAT
1886478E,1886478E,1409893.03259095;12327176.9145775,FLAT
200018NG,200018NG,1411804.87975535;12331894.0694128,DROP
2132713E,2132713E,1412685.11191669;12332772.4331734,FLAT
2153156E,2153156E,1411447.96109542;12334217.9405112,FLAT
4042827E,4042827E,1409820.4217076;12330754.0814486,N/A
4103658E,4103658E,1410121.58390753;12330705.0303293,FLAT
4103673E,4103673E,1411855.76202634;12330345.77277,FLAT
4103678E,4103678E,1411703.02033133;12330501.949343,FLAT
4103692E,4103692E,1411765.36809278;12328877.9186465,FLAT
4128985E,4128985E,1406525.99228277;12329659.2096311,FLAT
4407090E,4407090E,1411218.18572544;12331728.6972516,FLAT
4640939E,4640939E,1410826.1348965;12326602.1671489,N/A
