<?xml version="1.0" encoding="UTF-8"?>
<metadata xml:lang="en"><Esri><CreaDate>20110419</CreaDate><CreaTime>11492700</CreaTime><ArcGISFormat>1.0</ArcGISFormat><SyncOnce>TRUE</SyncOnce><DataProperties><lineage><Process ToolSource="C:\Program Files\ArcGIS\Desktop10.0\ArcToolbox\Toolboxes\Data Management Tools.tbx\DeleteFeatures" Date="20110419" Time="114927">DeleteFeatures C:\TEMP\SOLO_Map\osmose_work_packet\Osmose_Lamp_Points.shp</Process><Process ToolSource="C:\Program Files\ArcGIS\Desktop10.0\ArcToolbox\Toolboxes\Data Management Tools.tbx\Append" Date="20110419" Time="114928">Append Reporting_Lamp_Layer C:\TEMP\SOLO_Map\osmose_work_packet\Osmose_Lamp_Points.shp TEST # #</Process><Process ToolSource="C:\Program Files\ArcGIS\Desktop10.0\ArcToolbox\Toolboxes\Data Management Tools.tbx\DeleteFeatures" Date="20110419" Time="120322">DeleteFeatures C:\TEMP\SOLO_Map\osmose_work_packet\Osmose_Lamp_Points.shp</Process><Process ToolSource="C:\Program Files\ArcGIS\Desktop10.0\ArcToolbox\Toolboxes\Data Management Tools.tbx\Append" Date="20110419" Time="120323">Append Reporting_Lamp_Layer C:\TEMP\SOLO_Map\osmose_work_packet\Osmose_Lamp_Points.shp TEST # #</Process><Process ToolSource="C:\Program Files\ArcGIS\Desktop10.0\ArcToolbox\Toolboxes\Data Management Tools.tbx\DeleteFeatures" Date="20110419" Time="135709">DeleteFeatures C:\TEMP\SOLO_Map\osmose_work_packet\Osmose_Lamp_Points.shp</Process><Process ToolSource="C:\Program Files\ArcGIS\Desktop10.0\ArcToolbox\Toolboxes\Data Management Tools.tbx\Append" Date="20110419" Time="135710">Append Reporting_Lamp_Layer C:\TEMP\SOLO_Map\osmose_work_packet\Osmose_Lamp_Points.shp TEST # #</Process><Process ToolSource="C:\Program Files\ArcGIS\Desktop10.0\ArcToolbox\Toolboxes\Data Management Tools.tbx\DeleteFeatures" Date="20110419" Time="140824">DeleteFeatures C:\TEMP\SOLO_Map\osmose_work_packet\Osmose_Lamp_Points.shp</Process><Process ToolSource="C:\Program Files\ArcGIS\Desktop10.0\ArcToolbox\Toolboxes\Data Management Tools.tbx\Append" Date="20110419" Time="140825">Append Reporting_Lamp_Layer C:\TEMP\SOLO_Map\osmose_work_packet\Osmose_Lamp_Points.shp TEST # #</Process><Process ToolSource="C:\Program Files\ArcGIS\Desktop10.0\ArcToolbox\Toolboxes\Data Management Tools.tbx\DeleteFeatures" Date="20110419" Time="141108">DeleteFeatures C:\TEMP\SOLO_Map\osmose_work_packet\Osmose_Lamp_Points.shp</Process><Process ToolSource="C:\Program Files\ArcGIS\Desktop10.0\ArcToolbox\Toolboxes\Data Management Tools.tbx\Append" Date="20110419" Time="141109">Append Reporting_Lamp_Layer C:\TEMP\SOLO_Map\osmose_work_packet\Osmose_Lamp_Points.shp TEST # #</Process><Process ToolSource="C:\Program Files\ArcGIS\Desktop10.0\ArcToolbox\Toolboxes\Data Management Tools.tbx\DeleteFeatures" Date="20110419" Time="141838">DeleteFeatures C:\TEMP\SOLO_Map\osmose_work_packet\Osmose_Lamp_Points.shp</Process><Process ToolSource="C:\Program Files\ArcGIS\Desktop10.0\ArcToolbox\Toolboxes\Data Management Tools.tbx\Append" Date="20110419" Time="141838">Append Reporting_Lamp_Layer C:\TEMP\SOLO_Map\osmose_work_packet\Osmose_Lamp_Points.shp TEST # #</Process><Process ToolSource="C:\Program Files\ArcGIS\Desktop10.0\ArcToolbox\Toolboxes\Data Management Tools.tbx\DeleteFeatures" Date="20110421" Time="113115">DeleteFeatures C:\TEMP\SOLO_Map\osmose_work_packet\Osmose_Lamp_Points.shp</Process><Process ToolSource="C:\Program Files\ArcGIS\Desktop10.0\ArcToolbox\Toolboxes\Data Management Tools.tbx\DeleteFeatures" Date="20110421" Time="113245">DeleteFeatures C:\TEMP\SOLO_Map\osmose_work_packet\Osmose_Lamp_Points.shp</Process><Process ToolSource="C:\Program Files\ArcGIS\Desktop10.0\ArcToolbox\Toolboxes\Data Management Tools.tbx\Append" Date="20110421" Time="113246">Append Reporting_Lamp_Layer C:\TEMP\SOLO_Map\osmose_work_packet\Osmose_Lamp_Points.shp TEST # #</Process><Process ToolSource="C:\Program Files\ArcGIS\Desktop10.0\ArcToolbox\Toolboxes\Data Management Tools.tbx\DeleteFeatures" Date="20110421" Time="115002">DeleteFeatures C:\TEMP\SOLO_Map\osmose_work_packet\Osmose_Lamp_Points.shp</Process><Process ToolSource="C:\Program Files\ArcGIS\Desktop10.0\ArcToolbox\Toolboxes\Data Management Tools.tbx\DeleteFeatures" Date="20110421" Time="115102">DeleteFeatures C:\TEMP\SOLO_Map\osmose_work_packet\Osmose_Lamp_Points.shp</Process><Process ToolSource="C:\Program Files\ArcGIS\Desktop10.0\ArcToolbox\Toolboxes\Data Management Tools.tbx\DeleteFeatures" Date="20110421" Time="115342">DeleteFeatures C:\TEMP\SOLO_Map\osmose_work_packet\Osmose_Lamp_Points.shp</Process><Process ToolSource="C:\Program Files\ArcGIS\Desktop10.0\ArcToolbox\Toolboxes\Data Management Tools.tbx\DeleteFeatures" Date="20110421" Time="115410">DeleteFeatures C:\TEMP\SOLO_Map\osmose_work_packet\Osmose_Lamp_Points.shp</Process><Process ToolSource="C:\Program Files\ArcGIS\Desktop10.0\ArcToolbox\Toolboxes\Data Management Tools.tbx\DeleteFeatures" Date="20110421" Time="115650">DeleteFeatures C:\TEMP\SOLO_Map\osmose_work_packet\Osmose_Lamp_Points.shp</Process><Process ToolSource="C:\Program Files\ArcGIS\Desktop10.0\ArcToolbox\Toolboxes\Data Management Tools.tbx\DeleteFeatures" Date="20110421" Time="115712">DeleteFeatures C:\TEMP\SOLO_Map\osmose_work_packet\Osmose_Lamp_Points.shp</Process><Process ToolSource="C:\Program Files\ArcGIS\Desktop10.0\ArcToolbox\Toolboxes\Data Management Tools.tbx\DeleteFeatures" Date="20110421" Time="115947">DeleteFeatures C:\TEMP\SOLO_Map\osmose_work_packet\Osmose_Lamp_Points.shp</Process><Process ToolSource="C:\Program Files\ArcGIS\Desktop10.0\ArcToolbox\Toolboxes\Data Management Tools.tbx\DeleteFeatures" Date="20110421" Time="120749">DeleteFeatures C:\TEMP\SOLO_Map\osmose_work_packet\Osmose_Lamp_Points.shp</Process><Process ToolSource="C:\Program Files\ArcGIS\Desktop10.0\ArcToolbox\Toolboxes\Data Management Tools.tbx\DeleteFeatures" Date="20110421" Time="121059">DeleteFeatures C:\TEMP\SOLO_Map\osmose_work_packet\Osmose_Lamp_Points.shp</Process><Process ToolSource="C:\Program Files\ArcGIS\Desktop10.0\ArcToolbox\Toolboxes\Data Management Tools.tbx\DeleteFeatures" Date="20110421" Time="125944">DeleteFeatures C:\TEMP\SOLO_Map\osmose_work_packet\Osmose_Lamp_Points.shp</Process><Process ToolSource="C:\Program Files\ArcGIS\Desktop10.0\ArcToolbox\Toolboxes\Data Management Tools.tbx\DeleteFeatures" Date="20110421" Time="130003">DeleteFeatures C:\TEMP\SOLO_Map\osmose_work_packet\Osmose_Lamp_Points.shp</Process><Process ToolSource="C:\Program Files\ArcGIS\Desktop10.0\ArcToolbox\Toolboxes\Data Management Tools.tbx\DeleteFeatures" Date="20110421" Time="130335">DeleteFeatures C:\TEMP\SOLO_Map\osmose_work_packet\Osmose_Lamp_Points.shp</Process><Process ToolSource="C:\Program Files\ArcGIS\Desktop10.0\ArcToolbox\Toolboxes\Data Management Tools.tbx\DeleteFeatures" Date="20110421" Time="130421">DeleteFeatures C:\TEMP\SOLO_Map\osmose_work_packet\Osmose_Lamp_Points.shp</Process><Process ToolSource="C:\Program Files\ArcGIS\Desktop10.0\ArcToolbox\Toolboxes\Data Management Tools.tbx\Append" Date="20110421" Time="130422">Append Reporting_Lamp_Layer C:\TEMP\SOLO_Map\osmose_work_packet\Osmose_Lamp_Points.shp TEST # #</Process><Process ToolSource="C:\Program Files\ArcGIS\Desktop10.0\ArcToolbox\Toolboxes\Data Management Tools.tbx\DeleteFeatures" Date="20110421" Time="130747">DeleteFeatures C:\TEMP\SOLO_Map\osmose_work_packet\Osmose_Lamp_Points.shp</Process><Process ToolSource="C:\Program Files\ArcGIS\Desktop10.0\ArcToolbox\Toolboxes\Data Management Tools.tbx\DeleteFeatures" Date="20110421" Time="131547">DeleteFeatures C:\TEMP\SOLO_Map\osmose_work_packet\Osmose_Lamp_Points.shp</Process><Process ToolSource="C:\Program Files\ArcGIS\Desktop10.0\ArcToolbox\Toolboxes\Data Management Tools.tbx\DeleteFeatures" Date="20110421" Time="131611">DeleteFeatures C:\TEMP\SOLO_Map\osmose_work_packet\Osmose_Lamp_Points.shp</Process><Process ToolSource="C:\Program Files\ArcGIS\Desktop10.0\ArcToolbox\Toolboxes\Data Management Tools.tbx\DeleteFeatures" Date="20110421" Time="132452">DeleteFeatures C:\TEMP\SOLO_Map\osmose_work_packet\Osmose_Lamp_Points.shp</Process><Process ToolSource="C:\Program Files\ArcGIS\Desktop10.0\ArcToolbox\Toolboxes\Data Management Tools.tbx\Append" Date="20110421" Time="132453">Append Reporting_Lamp_Layer C:\TEMP\SOLO_Map\osmose_work_packet\Osmose_Lamp_Points.shp TEST # #</Process><Process ToolSource="C:\Program Files\ArcGIS\Desktop10.0\ArcToolbox\Toolboxes\Data Management Tools.tbx\DeleteFeatures" Date="20110421" Time="132634">DeleteFeatures C:\TEMP\SOLO_Map\osmose_work_packet\Osmose_Lamp_Points.shp</Process><Process ToolSource="C:\Program Files\ArcGIS\Desktop10.0\ArcToolbox\Toolboxes\Data Management Tools.tbx\Append" Date="20110421" Time="132635">Append Reporting_Lamp_Layer C:\TEMP\SOLO_Map\osmose_work_packet\Osmose_Lamp_Points.shp TEST # #</Process><Process ToolSource="C:\Program Files\ArcGIS\Desktop10.0\ArcToolbox\Toolboxes\Data Management Tools.tbx\DeleteFeatures" Date="20110421" Time="133258">DeleteFeatures C:\TEMP\SOLO_Map\osmose_work_packet\Osmose_Lamp_Points.shp</Process><Process ToolSource="C:\Program Files\ArcGIS\Desktop10.0\ArcToolbox\Toolboxes\Data Management Tools.tbx\Append" Date="20110421" Time="133259">Append Reporting_Lamp_Layer C:\TEMP\SOLO_Map\osmose_work_packet\Osmose_Lamp_Points.shp TEST # #</Process><Process ToolSource="C:\Program Files\ArcGIS\Desktop10.0\ArcToolbox\Toolboxes\Data Management Tools.tbx\DeleteFeatures" Date="20110421" Time="133621">DeleteFeatures C:\TEMP\SOLO_Map\osmose_work_packet\Osmose_Lamp_Points.shp</Process><Process ToolSource="C:\Program Files\ArcGIS\Desktop10.0\ArcToolbox\Toolboxes\Data Management Tools.tbx\Append" Date="20110421" Time="133622">Append Reporting_Lamp_Layer C:\TEMP\SOLO_Map\osmose_work_packet\Osmose_Lamp_Points.shp TEST # #</Process><Process ToolSource="C:\Program Files\ArcGIS\Desktop10.0\ArcToolbox\Toolboxes\Data Management Tools.tbx\DeleteFeatures" Date="20110421" Time="134127">DeleteFeatures C:\TEMP\SOLO_Map\osmose_work_packet\Osmose_Lamp_Points.shp</Process><Process ToolSource="C:\Program Files\ArcGIS\Desktop10.0\ArcToolbox\Toolboxes\Data Management Tools.tbx\Append" Date="20110421" Time="134128">Append Reporting_Lamp_Layer C:\TEMP\SOLO_Map\osmose_work_packet\Osmose_Lamp_Points.shp TEST # #</Process><Process ToolSource="C:\Program Files\ArcGIS\Desktop10.0\ArcToolbox\Toolboxes\Data Management Tools.tbx\DeleteFeatures" Date="20110421" Time="134319">DeleteFeatures C:\TEMP\SOLO_Map\osmose_work_packet\Osmose_Lamp_Points.shp</Process><Process ToolSource="C:\Program Files\ArcGIS\Desktop10.0\ArcToolbox\Toolboxes\Data Management Tools.tbx\Append" Date="20110421" Time="134320">Append Reporting_Lamp_Layer C:\TEMP\SOLO_Map\osmose_work_packet\Osmose_Lamp_Points.shp TEST # #</Process><Process ToolSource="C:\Program Files\ArcGIS\Desktop10.0\ArcToolbox\Toolboxes\Data Management Tools.tbx\DeleteFeatures" Date="20110421" Time="134603">DeleteFeatures C:\TEMP\SOLO_Map\osmose_work_packet\Osmose_Lamp_Points.shp</Process><Process ToolSource="C:\Program Files\ArcGIS\Desktop10.0\ArcToolbox\Toolboxes\Data Management Tools.tbx\Append" Date="20110421" Time="134604">Append Reporting_Lamp_Layer C:\TEMP\SOLO_Map\osmose_work_packet\Osmose_Lamp_Points.shp TEST # #</Process><Process ToolSource="C:\Program Files\ArcGIS\Desktop10.0\ArcToolbox\Toolboxes\Data Management Tools.tbx\DeleteFeatures" Date="20110421" Time="134809">DeleteFeatures C:\TEMP\SOLO_Map\osmose_work_packet\Osmose_Lamp_Points.shp</Process><Process ToolSource="C:\Program Files\ArcGIS\Desktop10.0\ArcToolbox\Toolboxes\Data Management Tools.tbx\Append" Date="20110421" Time="134810">Append Reporting_Lamp_Layer C:\TEMP\SOLO_Map\osmose_work_packet\Osmose_Lamp_Points.shp TEST # #</Process><Process ToolSource="C:\Program Files\ArcGIS\Desktop10.0\ArcToolbox\Toolboxes\Data Management Tools.tbx\DeleteFeatures" Date="20110421" Time="134933">DeleteFeatures C:\TEMP\SOLO_Map\osmose_work_packet\Osmose_Lamp_Points.shp</Process><Process ToolSource="C:\Program Files\ArcGIS\Desktop10.0\ArcToolbox\Toolboxes\Data Management Tools.tbx\Append" Date="20110421" Time="134934">Append Reporting_Lamp_Layer C:\TEMP\SOLO_Map\osmose_work_packet\Osmose_Lamp_Points.shp TEST # #</Process></lineage></DataProperties></Esri></metadata>
