<?xml version="1.0" encoding="UTF-8"?>
<metadata xml:lang="en"><Esri><CreaDate>20110427</CreaDate><CreaTime>15124000</CreaTime><ArcGISFormat>1.0</ArcGISFormat><SyncOnce>TRUE</SyncOnce><DataProperties><lineage><Process Name="Delete Features" ToolSource="C:\Program Files\ArcGIS\Desktop10.0\ArcToolbox\Toolboxes\Data Management Tools.tbx\DeleteFeatures" Date="20110427" Time="151240">DeleteFeatures "C:\TEMP\SOLO_Map\claim map\shapefile\Pole_Template.shp"</Process><Process ToolSource="C:\Program Files\ArcGIS\Desktop10.0\ArcToolbox\Toolboxes\Data Management Tools.tbx\DeleteFeatures" Date="20110427" Time="151933">DeleteFeatures "C:\TEMP\SOLO_Map\claim map\shapefile\Pole_Template.shp"</Process><Process ToolSource="C:\Program Files\ArcGIS\Desktop10.0\ArcToolbox\Toolboxes\Data Management Tools.tbx\DeleteFeatures" Date="20110427" Time="152133">DeleteFeatures "C:\TEMP\SOLO_Map\claim map\shapefile\Pole_Template.shp"</Process><Process Name="Delete Features" ToolSource="C:\Program Files\ArcGIS\Desktop10.0\ArcToolbox\Toolboxes\Data Management Tools.tbx\DeleteFeatures" Date="20110427" Time="152455">DeleteFeatures "C:\TEMP\SOLO_Map\claim map\shapefile\Pole_Template.shp"</Process><Process Name="Delete Features" ToolSource="C:\Program Files\ArcGIS\Desktop10.0\ArcToolbox\Toolboxes\Data Management Tools.tbx\DeleteFeatures" Date="20110427" Time="153401">DeleteFeatures "C:\TEMP\SOLO_Map\claim map\shapefile\Pole_Template.shp"</Process><Process Name="Append" ToolSource="C:\Program Files\ArcGIS\Desktop10.0\ArcToolbox\Toolboxes\Data Management Tools.tbx\Append" Date="20110427" Time="154058">Append all_pole_2011 "C:\TEMP\SOLO_Map\claim map\shapefile\Pole_Template.shp" NO_TEST "ID "ID" true false false 11 Double 0 11 ,First,#;NUMBER "NUMBER" true false false 16 Text 0 0 ,First,#;NUMBER0 "NUMBER0" true false false 16 Text 0 0 ,First,#;STATUS "STATUS" true false false 11 Text 0 0 ,First,#;MATERIAL "MATERIAL" true false false 11 Text 0 0 ,First,#;OWNER "OWNER" true false false 11 Text 0 0 ,First,#;HEIGHT "HEIGHT" true false false 11 Text 0 0 ,First,#;COLOR "COLOR" true false false 11 Text 0 0 ,First,#;POLE_STYLE "POLE_STYLE" true false false 11 Text 0 0 ,First,#;FEED "FEED" true false false 11 Text 0 0 ,First,#;PURPOSE "PURPOSE" true false false 13 Text 0 0 ,First,#;NUMBER1 "NUMBER1" true false false 11 Text 0 0 ,First,#;CITY_NAME "CITY_NAME" true false false 21 Text 0 0 ,First,#;HOUSE_NO "HOUSE_NO" true false false 11 Double 0 11 ,First,#;LOC_DESC "LOC_DESC" true false false 51 Text 0 0 ,First,#;SERVICE "SERVICE" true false false 8 Text 0 0 ,First,#;SURVEILLAN "SURVEILLAN" true false false 8 Text 0 0 ,First,#;RADIO "RADIO" true false false 8 Text 0 0 ,First,#;ANTENNA "ANTENNA" true false false 8 Text 0 0 ,First,#;POLE "POLE" true false false 11 Text 0 0 ,First,#;CONDITION "CONDITION" true false false 26 Text 0 0 ,First,#;COORDINATE "COORDINATE" true false false 19 Double 15 18 ,First,#;DATA_OWNER "DATA_OWNER" true false false 7 Text 0 0 ,First,#;UPDATED_BY "UPDATED_BY" true false false 33 Text 0 0 ,First,#;OF_LAMPS "OF_LAMPS" true false false 11 Double 0 11 ,First,#;Original_S "Original_S" true false false 254 Text 0 0 ,First,#;Field_Stru "Field_Stru" true false false 254 Text 0 0 ,First,#;Lamp_Condi "Lamp_Condi" true false false 254 Text 0 0 ,First,#;Pole_Inspe "Pole_Inspe" true false false 254 Text 0 0 ,First,#" #</Process><Process ToolSource="C:\Program Files\ArcGIS\Desktop10.0\ArcToolbox\Toolboxes\Data Management Tools.tbx\DeleteFeatures" Date="20110427" Time="155337">DeleteFeatures "C:\TEMP\SOLO_Map\claim map\shapefile\Pole_Template.shp"</Process><Process ToolSource="C:\Program Files\ArcGIS\Desktop10.0\ArcToolbox\Toolboxes\Data Management Tools.tbx\DeleteFeatures" Date="20110427" Time="155500">DeleteFeatures "C:\TEMP\SOLO_Map\claim map\shapefile\Pole_Template.shp"</Process><Process ToolSource="C:\Program Files\ArcGIS\Desktop10.0\ArcToolbox\Toolboxes\Data Management Tools.tbx\DeleteFeatures" Date="20110427" Time="155721">DeleteFeatures "C:\TEMP\SOLO_Map\claim map\shapefile\Pole_Template.shp"</Process><Process ToolSource="C:\Program Files\ArcGIS\Desktop10.0\ArcToolbox\Toolboxes\Data Management Tools.tbx\DeleteFeatures" Date="20110427" Time="155839">DeleteFeatures "C:\TEMP\SOLO_Map\claim map\shapefile\Pole_Template.shp"</Process></lineage></DataProperties></Esri></metadata>
